Workbook
Name Couples_std: [1]Indicateurs!#REF!
Name Etat_fiches: [1]Indicateurs!$B$4:$B$8
Name Liste_avancement: #REF!
Name Liste_avancement: #REF!
Name Livraison: '[1]Liste '!$B$28:$B$32
Name Parametres_CodeDocument: '[2]6)Entête'!$C$11
Name Parametres_DateMiseaJour: '[2]6)Entête'!$C$8
Name TYPE: '[1]Liste '!$B$14:$B$25
Name Zone_véhicule: '[1]Liste '!$B$36:$B$47

Sheet Table APOQUA files
A1: For Nouhayla | B1: For Layla | C1: for Zaineb | E1: APOQUA FILE INDICATION | J1: Status APOQUA file
D2: Reference | E2: APOQUA designation (Français) | F2: APOQUA designation (English) | G2: PSA DEC | H2: Lot | I2: Vehicle area | J2: Creation date | K2: Last modification | L2: Status | M2: in file poro | N2: in pfr for Lionel | O2: 400list ? YES/NO/TBC CANCELED | P2: B13 3116 ? YES/NO/NA TBC/CANCELED | Q2: Check Responsible | R2: Comment
A3: X | D3: 01266_09_00147 | E3: PARE CHOC AV - ARMATURE | F3: FRT BUMPER - LOWER FRAME | G3: R1A | H3: EXT | I3: Front Face and Hood | J3: 39987 | K3: 45173 | L3: Applicable | M3: =IF(ISNA(VLOOKUP(D3,'[3]Table APOQUA files'!$B:$B,1,FALSE)),"NO","YES") -> YES | N3: =IF(ISNA(VLOOKUP(D3,'Base PFR table'!K:K,1,FALSE)),"NO","YES") -> NO | O3: TBC | P3: TBC
A4: X | D4: 01266_09_00155 | E4: DECORS ENJOLIVEURS PDB | F4: DASHBOARD TRIM EMBELLISHMENTS | G4: S1A | H4: PDC | I4: Dashboard and console | J4: 39989 | K4: 43011 | L4: To be updated | M4: =IF(ISNA(VLOOKUP(D4,'[3]Table APOQUA files'!$B:$B,1,FALSE)),"NO","YES") -> YES | N4: =IF(ISNA(VLOOKUP(D4,'Base PFR table'!K:K,1,FALSE)),"NO","YES") -> NO | O4: TBC | P4: TBC
A5: X | D5: 01266_09_00156 | E5: ENJOLIVEUR DE PLAQUE IMMATRICULATION | F5: REGISTRATION PLATE FINISHER | G5: R3F | H5: EXT | I5: Rear Face and Tailgate | J5: 39989 | K5: 45209 | L5: Approved | M5: =IF(ISNA(VLOOKUP(D5,'[3]Table APOQUA files'!$B:$B,1,FALSE)),"NO","YES") -> YES | N5: =IF(ISNA(VLOOKUP(D5,'Base PFR table'!K:K,1,FALSE)),"NO","YES") -> YES | O5: TBC | P5: TBC
A6: X | D6: 01266_09_00299 | E6: TRAVERSE SUP FAÇADE BLOC AVANT | F6: FRT BUMPER - LOWER FRAME (RADIATOR SCREEN SUPPORT) | G6: R1A | H6: EXT | I6: Front Face and Hood | J6: 40051 | K6: 45222 | L6: To be updated | M6: =IF(ISNA(VLOOKUP(D6,'[3]Table APOQUA files'!$B:$B,1,FALSE)),"NO","YES") -> YES | N6: =IF(ISNA(VLOOKUP(D6,'Base PFR table'!K:K,1,FALSE)),"NO","YES") -> NO | O6: TBC | P6: TBC
A7: X | D7: 01266_10_00199 | E7: BOITIER-SECU-DML | G7: 0 | H7: - | I7: Harness and ECUs | J7: 40212 | K7: 42893 | L7: To be updated | M7: =IF(ISNA(VLOOKUP(D7,'[3]Table APOQUA files'!$B:$B,1,FALSE)),"NO","YES") -> YES | N7: =IF(ISNA(VLOOKUP(D7,'Base PFR table'!K:K,1,FALSE)),"NO","YES") -> NO | O7: TBC | P7: TBC
A8: X | D8: 01266_10_00632 | E8: PLANCHE DE BORD SUR CAISSE | F8: DASHBOARD ON BODY | G8: S1A | H8: PDC | I8: Dashboard and console | J8: 40294 | K8: 45218 | L8: Approved | M8: =IF(ISNA(VLOOKUP(D8,'[3]Table APOQUA files'!$B:$B,1,FALSE)),"NO","YES") -> YES | N8: =IF(ISNA(VLOOKUP(D8,'Base PFR table'!K:K,1,FALSE)),"NO","YES") -> YES | O8: TBC | P8: TBC
A9: X | D9: 01266_10_00634 | E9: PARE CHOC AR - PEAU | F9: RR BUMPER - SKIN | G9: R1A | H9: EXT | I9: Rear Face and Tailgate | J9: 40294 | K9: 45600 | L9: Applicable | M9: =IF(ISNA(VLOOKUP(D9,'[3]Table APOQUA files'!$B:$B,1,FALSE)),"NO","YES") -> YES | N9: =IF(ISNA(VLOOKUP(D9,'Base PFR table'!K:K,1,FALSE)),"NO","YES") -> NO | O9: TBC | P9: TBC
D10: 01266_10_00635 | E10: PARE CHOC AV - SUPPORT SUPERIEUR | F10: FRONT BUMPER UPP SUPPORT | G10: R1A | H10: EXT | I10: Front Face and Hood | J10: 40295 | K10: 40913 | L10: Cancelled | M10: =IF(ISNA(VLOOKUP(D10,'[3]Table APOQUA files'!$B:$B,1,FALSE)),"NO","YES") -> YES | N10: =IF(ISNA(VLOOKUP(D10,'Base PFR table'!K:K,1,FALSE)),"NO","YES") -> NO | O10: CANCELED | P10: CANCELED
A11: X | D11: 01266_10_00636 | E11: MFRH - MATRICE FUSIBLE RELAIS HABITACLE | F11: MFRH - CABIN RELAY FUSIBLE UNIT | G11: Z5U | H11: AEE | I11: Harness and ECUs | J11: 40295 | K11: 42779 | L11: To be updated | M11: =IF(ISNA(VLOOKUP(D11,'[3]Table APOQUA files'!$B:$B,1,FALSE)),"NO","YES") -> YES | N11: =IF(ISNA(VLOOKUP(D11,'Base PFR table'!K:K,1,FALSE)),"NO","YES") -> NO | O11: TBC | P11: TBC
D12: 01266_10_00637 | E12: BOITIER SECURISATION ANTIVOL ELECTRIQUE SECU-AVE | F12: ELECTRIC ANTI-THEFT SAFETY-AVE SECU-AVE | G12: Z8G | H12: EEH | I12: Harness and ECUs | J12: 40295 | K12: 42940 | L12: Cancelled | M12: =IF(ISNA(VLOOKUP(D12,'[3]Table APOQUA files'!$B:$B,1,FALSE)),"NO","YES") -> YES | N12: =IF(ISNA(VLOOKUP(D12,'Base PFR table'!K:K,1,FALSE)),"NO","YES") -> NO | O12: CANCELED | P12: CANCELED
A13: X | D13: 01266_10_00642 | E13: GARNITURE DE SUPPORT TABLETTE AR | F13: RR PARCEL SHELF SUPPORT TRIM | G13: X3D | H13: INT | I13: Interior Trims | J13: 40295 | K13: 45686 | L13: Approved | M13: =IF(ISNA(VLOOKUP(D13,'[3]Table APOQUA files'!$B:$B,1,FALSE)),"NO","YES") -> YES | N13: =IF(ISNA(VLOOKUP(D13,'Base PFR table'!K:K,1,FALSE)),"NO","YES") -> NO | O13: TBC | P13: TBC
A14: X | D14: 01266_10_00643 | E14: SIEGES RANG1 | F14: SEATS RANK 1 | G14: Y1A | H14: ASS | I14: Seats and safety belts | J14: 40295 | K14: 45643 | L14: Approved | M14: =IF(ISNA(VLOOKUP(D14,'[3]Table APOQUA files'!$B:$B,1,FALSE)),"NO","YES") -> YES | N14: =IF(ISNA(VLOOKUP(D14,'Base PFR table'!K:K,1,FALSE)),"NO","YES") -> YES | O14: TBC | P14: TBC
A15: X | D15: 01266_10_00644 | E15: SIEGE INDIVIDUEL RANG 2 | F15: INDIVIDUAL_SEAT_RANK_2 | G15: Y2A | H15: ASS | I15: Seats and safety belts | J15: 40295 | K15: 45379 | L15: Approved | M15: =IF(ISNA(VLOOKUP(D15,'[3]Table APOQUA files'!$B:$B,1,FALSE)),"NO","YES") -> YES | N15: =IF(ISNA(VLOOKUP(D15,'Base PFR table'!K:K,1,FALSE)),"NO","YES") -> NO | O15: TBC | P15: TBC
A16: X | D16: 01266_10_00645 | E16: RAIL SUPPORT SIEGE CENTRALE (SIEGES RANG 3) | F16: SEAT SUPPORT RAIL CENTAL (SEATS ROW 3) | G16: Y3A | H16: ASS | I16: Seats and safety belts | J16: 40295 | K16: 44335 | L16: To be updated | M16: =IF(ISNA(VLOOKUP(D16,'[3]Table APOQUA files'!$B:$B,1,FALSE)),"NO","YES") -> YES | N16: =IF(ISNA(VLOOKUP(D16,'Base PFR table'!K:K,1,FALSE)),"NO","YES") -> NO | O16: TBC | P16: TBC
A17: X | D17: 01266_10_00732 | E17: BPGA - BOITIER DE LA PROTECTION DE LA GESTION DES ALIMENTATION | F17: BPGA - SUPPLY MANAGEMENT PROTECTION UNIT | G17: Z5U | H17: AEE | I17: Harness and ECUs | J17: 40304 | K17: 40561 | L17: To be updated | M17: =IF(ISNA(VLOOKUP(D17,'[3]Table APOQUA files'!$B:$B,1,FALSE)),"NO","YES") -> YES | N17: =IF(ISNA(VLOOKUP(D17,'Base PFR table'!K:K,1,FALSE)),"NO","YES") -> NO | O17: TBC | P17: TBC
D18: 01266_10_00733 | E18: BOÎTIER ECLAIRAGE MEMORISATION (PORTE PASSAGER) (BEM) | H18: - | I18: Harness and ECUs | J18: 40304 | K18: 40304 | L18: Cancelled | M18: =IF(ISNA(VLOOKUP(D18,'[3]Table APOQUA files'!$B:$B,1,FALSE)),"NO","YES") -> YES | N18: =IF(ISNA(VLOOKUP(D18,'Base PFR table'!K:K,1,FALSE)),"NO","YES") -> NO | O18: CANCELED | P18: CANCELED
A19: X | D19: 01266_10_00734 | E19: EQUILIBREUR DE CAPOT | F19: HOOD STABILIZER | G19: N2A | H19: EXT | I19: Front Face and Hood | J19: 40304 | K19: 45432 | L19: Approved | M19: =IF(ISNA(VLOOKUP(D19,'[3]Table APOQUA files'!$B:$B,1,FALSE)),"NO","YES") -> YES | N19: =IF(ISNA(VLOOKUP(D19,'Base PFR table'!K:K,1,FALSE)),"NO","YES") -> NO | O19: TBC | P19: TBC
D20: 01266_10_00735 | E20: VOLET MOTORISE - MAF/MVM | F20: MULTIFONCTION ASSISTANCE CLOSING MODULE | G20: N2E | H20: OUV | I20: Rear Face and Tailgate | J20: 40304 | K20: 08/03/2023 | L20: Cancelled | M20: =IF(ISNA(VLOOKUP(D20,'[3]Table APOQUA files'!$B:$B,1,FALSE)),"NO","YES") -> YES | N20: =IF(ISNA(VLOOKUP(D20,'Base PFR table'!K:K,1,FALSE)),"NO","YES") -> NO | O20: CANCELED | P20: CANCELED
A21: X | D21: 01266_10_00736 | E21: SUPPORT MOTEUR INTERMEDIAIRE DROIT (SMID) | F21: RIGHT INTERMEDIATE ENGINE SUPPORT (SMID) | G21: D11 | H21: ATR | I21: Engine and Gearbox Adaptation | J21: 40304 | K21: 42667 | L21: To be updated | M21: =IF(ISNA(VLOOKUP(D21,'[3]Table APOQUA files'!$B:$B,1,FALSE)),"NO","YES") -> YES | N21: =IF(ISNA(VLOOKUP(D21,'Base PFR table'!K:K,1,FALSE)),"NO","YES") -> NO | O21: TBC | P21: TBC
D22: 01266_10_00737 | E22: BUTEE D'ATTAQUE TRAIN AR DEFORMABLE | F22: DEFORMABLE REAR AXLE ATTACK STOP | G22: E25 | H22: LAS | I22: Liaison au sol | J22: 43636 | K22: 40304 | L22: Cancelled | M22: =IF(ISNA(VLOOKUP(D22,'[3]Table APOQUA files'!$B:$B,1,FALSE)),"NO","YES") -> YES | N22: =IF(ISNA(VLOOKUP(D22,'Base PFR table'!K:K,1,FALSE)),"NO","YES") -> NO | O22: CANCELED | P22: CANCELED
D23: 01266_10_00742 | E23: FIXATION ECRANS AERAULIQUES SOUS-CAISSE (SI AUTOMATIQUE) | F23: UNDER BODY AIR DEFLECTOR MOUNTINGS (IF AUTOMATIC) | H23: - | I23: 0 | J23: 40304 | K23: 41457 | L23: Cancelled | M23: =IF(ISNA(VLOOKUP(D23,'[3]Table APOQUA files'!$B:$B,1,FALSE)),"NO","YES") -> YES | N23: =IF(ISNA(VLOOKUP(D23,'Base PFR table'!K:K,1,FALSE)),"NO","YES") -> NO | O23: CANCELED | P23: CANCELED
D24: 01266_10_00743 | E24: DMT - DISPOSITIF MAINTIEN EN TENTION - CENTRALISE | F24: DMT - VOLTAGE MAINTENANCE DEVICE - CENTRALIZED | G24: Z1D | H24: EEM | I24: Harness and ECUs | J24: 40304 | K24: 43009 | L24: Cancelled | M24: =IF(ISNA(VLOOKUP(D24,'[3]Table APOQUA files'!$B:$B,1,FALSE)),"NO","YES") -> YES | N24: =IF(ISNA(VLOOKUP(D24,'Base PFR table'!K:K,1,FALSE)),"NO","YES") -> NO | O24: CANCELED | P24: CANCELED
A25: X | D25: 01266_10_00744 | E25: CAPTEUR HAUTEUR AV | F25: FRT HEIGHT SENSOR | G25: G76 | H25: HYD | I25: Liaison au sol | J25: 40304 | K25: 45226 | L25: Applicable | M25: =IF(ISNA(VLOOKUP(D25,'[3]Table APOQUA files'!$B:$B,1,FALSE)),"NO","YES") -> YES | N25: =IF(ISNA(VLOOKUP(D25,'Base PFR table'!K:K,1,FALSE)),"NO","YES") -> YES | O25: TBC | P25: TBC
A26: X | D26: 01266_10_00745 | E26: ENJOLIVEUR DE CUSTODE | F26: QUARTER PANEL TRIM* | G26: R3B | H26: OUV | I26: Lateral Face and Doors | J26: 40304 | K26: 45568 | L26: Approved | M26: =IF(ISNA(VLOOKUP(D26,'[3]Table APOQUA files'!$B:$B,1,FALSE)),"NO","YES") -> YES | N26: =IF(ISNA(VLOOKUP(D26,'Base PFR table'!K:K,1,FALSE)),"NO","YES") -> NO | O26: TBC | P26: TBC
A27: X | D27: 01266_10_01125 | E27: GROUPE CLIMATISATION SUR PLANCHE DE BORD | F27: DASHBOARD ON AC UNIT | G27: S1A | H27: PDC | I27: Dashboard and console | J27: 40365 | K27: 43188 | L27: To be updated | M27: =IF(ISNA(VLOOKUP(D27,'[3]Table APOQUA files'!$B:$B,1,FALSE)),"NO","YES") -> YES | N27: =IF(ISNA(VLOOKUP(D27,'Base PFR table'!K:K,1,FALSE)),"NO","YES") -> NO | O27: TBC | P27: TBC
A28: X | D28: 01266_10_01499 | E28: RESERVOIR SCR €6 - REDUCTION CATALYTIQUE SELECTIVE | F28: CATALYTIC NITROGEN OXIDE REDUCTION | G28: B25 | H28: AMO | I28: Engine and Gearbox Adaptation | J28: 40455 | K28: 43026 | L28: Cancelled | M28: =IF(ISNA(VLOOKUP(D28,'[3]Table APOQUA files'!$B:$B,1,FALSE)),"NO","YES") -> YES | N28: =IF(ISNA(VLOOKUP(D28,'Base PFR table'!K:K,1,FALSE)),"NO","YES") -> NO | O28: CANCELED | P28: CANCELED
A29: X | D29: 01266_10_01548 | E29: CROCHET SECURITE CAPOT | F29: HOOK SAFETY HOOD | G29: N2A | H29: EXT | I29: Front Face and Hood | J29: 40464 | K29: 45432 | L29: Approved | M29: =IF(ISNA(VLOOKUP(D29,'[3]Table APOQUA files'!$B:$B,1,FALSE)),"NO","YES") -> YES | N29: =IF(ISNA(VLOOKUP(D29,'Base PFR table'!K:K,1,FALSE)),"NO","YES") -> YES | O29: TBC | P29: TBC
A30: X | D30: 01266_10_01610 | E30: MODULE ENTREE D'AIR PILOTEE | F30: PILOT AIR INPUT MODULE | G30: R1A | H30: EXT | I30: Front Face and Hood | J30: 40476 | K30: 45222 | L30: To be updated | M30: =IF(ISNA(VLOOKUP(D30,'[3]Table APOQUA files'!$B:$B,1,FALSE)),"NO","YES") -> YES | N30: =IF(ISNA(VLOOKUP(D30,'Base PFR table'!K:K,1,FALSE)),"NO","YES") -> NO | O30: TBC | P30: TBC
A31: X | D31: 01266_10_01772 | E31: CLOISONS ANTI RECYCLAGE | F31: PANEL RADIATOR SHROUD | G31: K3H | H31: STR | I31: Front Face and Hood | J31: 40499 | K31: 45390 | L31: Cancelled | M31: =IF(ISNA(VLOOKUP(D31,'[3]Table APOQUA files'!$B:$B,1,FALSE)),"NO","YES") -> YES | N31: =IF(ISNA(VLOOKUP(D31,'Base PFR table'!K:K,1,FALSE)),"NO","YES") -> NO | O31: CANCELED | P31: CANCELED
D32: 01266_10_01773 | E32: ECRAN ACOUSTIQUE | F32: SOUND SCREEN | G32: K2E | H32: STR | I32: 0 | J32: 40499 | K32: 40730 | L32: To be updated | M32: =IF(ISNA(VLOOKUP(D32,'[3]Table APOQUA files'!$B:$B,1,FALSE)),"NO","YES") -> YES | N32: =IF(ISNA(VLOOKUP(D32,'Base PFR table'!K:K,1,FALSE)),"NO","YES") -> NO | O32: TBC | P32: TBC
A33: X | D33: 01266_10_01789 | E33: BSG BOITIER SERVITUDE GENERIQUE (BSG-RQ / BSG-TC / BSGS / BSR) | F33: BSG - GENERIC RELAY UNIT | G33: Z5U | H33: AEE | I33: Harness and ECUs | J33: 40501 | K33: 42816 | L33: To be updated | M33: =IF(ISNA(VLOOKUP(D33,'[3]Table APOQUA files'!$B:$B,1,FALSE)),"NO","YES") -> YES | N33: =IF(ISNA(VLOOKUP(D33,'Base PFR table'!K:K,1,FALSE)),"NO","YES") -> NO | O33: TBC | P33: TBC
A34: X | D34: 01266_11_00202 | E34: PARE BOUE AV | F34: FRONT MUDGUARD | G34: K3J | H34: STR | I34: Under Body | J34: 40575 | K34: 45442 | L34: Approved | M34: =IF(ISNA(VLOOKUP(D34,'[3]Table APOQUA files'!$B:$B,1,FALSE)),"NO","YES") -> YES | N34: =IF(ISNA(VLOOKUP(D34,'Base PFR table'!K:K,1,FALSE)),"NO","YES") -> NO | O34: TBC | P34: TBC
A35: X | D35: 01266_11_00203 | E35: PARE BOUE AR | F35: REAR MUDGUARD | G35: K4H | H35: STR | I35: Under Body | J35: 40575 | K35: 12/04/2023 | L35: Applicable | M35: =IF(ISNA(VLOOKUP(D35,'[3]Table APOQUA files'!$B:$B,1,FALSE)),"NO","YES") -> YES | N35: =IF(ISNA(VLOOKUP(D35,'Base PFR table'!K:K,1,FALSE)),"NO","YES") -> NO | O35: TBC | P35: TBC
A36: X | D36: 01266_11_00285 | E36: ELEMENT PORTEUR ASSEMBLAGE | F36: FRONT SHOCK ABSORBER ELEMENTS | G36: E14 | H36: LAS | I36: Liaison au sol | J36: 40584 | K36: 45226 | L36: Approved | M36: =IF(ISNA(VLOOKUP(D36,'[3]Table APOQUA files'!$B:$B,1,FALSE)),"NO","YES") -> YES | N36: =IF(ISNA(VLOOKUP(D36,'Base PFR table'!K:K,1,FALSE)),"NO","YES") -> YES | O36: TBC | P36: TBC
A37: X | D37: 01266_11_00381 | E37: GARNITURE INF DE PIED AV | F37: FRONT PILLAR LOWER TRIM | G37: X3A | H37: INT | I37: Interior Trims | J37: 40598 | K37: 45686 | L37: Current update | M37: =IF(ISNA(VLOOKUP(D37,'[3]Table APOQUA files'!$B:$B,1,FALSE)),"NO","YES") -> YES | N37: =IF(ISNA(VLOOKUP(D37,'Base PFR table'!K:K,1,FALSE)),"NO","YES") -> NO | O37: TBC | P37: TBC
A38: X | D38: 01266_11_00413 | E38: CHARNIERE PORTES AV ET AR - FERRAGE | F38: FRONT AND REAR DOOR HINGES - BIW | G38: K7F/K7G | H38: OUV | I38: Lateral Face and Doors | J38: 40604 | K38: 45348 | L38: Applicable | M38: =IF(ISNA(VLOOKUP(D38,'[3]Table APOQUA files'!$B:$B,1,FALSE)),"NO","YES") -> YES | N38: =IF(ISNA(VLOOKUP(D38,'Base PFR table'!K:K,1,FALSE)),"NO","YES") -> YES | O38: TBC | P38: TBC
A39: X | D39: 01266_11_01492 | E39: GRILLE AUVENT | F39: COWL VENT GRILLE | G39: R3H | H39: STR | I39: Front Face and Hood | J39: 40732 | K39: 45686 | L39: Approved | M39: =IF(ISNA(VLOOKUP(D39,'[3]Table APOQUA files'!$B:$B,1,FALSE)),"NO","YES") -> YES | N39: =IF(ISNA(VLOOKUP(D39,'Base PFR table'!K:K,1,FALSE)),"NO","YES") -> NO | O39: TBC | P39: TBC
A40: X | D40: 01266_11_01943 | E40: AIRBAG PORTE AR | F40: REAR DOOR AIRBAG | G40: U3B | H40: ASS | I40: Lateral Face and Doors | J40: 40809 | K40: 40913 | L40: To be updated | M40: =IF(ISNA(VLOOKUP(D40,'[3]Table APOQUA files'!$B:$B,1,FALSE)),"NO","YES") -> YES | N40: =IF(ISNA(VLOOKUP(D40,'Base PFR table'!K:K,1,FALSE)),"NO","YES") -> NO | O40: TBC | P40: TBC
A41: X | D41: 01266_11_02100 | E41: FAISCEAU PRINCIPAL COMPLEMENTAIRE SOUS CAISSE | F41: COMPLEMENTARY MAIN HARNESS UNDER BODY | G41: Z9L | H41: AEE | I41: Harness and ECUs | J41: 40834 | K41: 40974 | L41: To be updated | M41: =IF(ISNA(VLOOKUP(D41,'[3]Table APOQUA files'!$B:$B,1,FALSE)),"NO","YES") -> YES | N41: =IF(ISNA(VLOOKUP(D41,'Base PFR table'!K:K,1,FALSE)),"NO","YES") -> NO | O41: TBC | P41: TBC
A42: X | D42: 01266_11_02185 | E42: SAC AV INF - SYSTEME D'ABSORPTION DES CHOCS AVANT INFERIEUR | F42: LOWER FRONT IMPACT ABSORPTION SYSTEM | G42: R1A | H42: EXT | I42: Front Face and Hood | J42: 40850 | K42: 45686 | L42: Approved | M42: =IF(ISNA(VLOOKUP(D42,'[3]Table APOQUA files'!$B:$B,1,FALSE)),"NO","YES") -> YES | N42: =IF(ISNA(VLOOKUP(D42,'Base PFR table'!K:K,1,FALSE)),"NO","YES") -> NO | O42: TBC | P42: TBC
A43: X | D43: 01266_12_00151 | E43: EVACUATION EAU AUVENT | F43: COWL WATER OUTLET | G43: V1C | H43: STR | I43: Front Face and Hood | J43: 40942 | K43: 40994 | L43: To be updated | M43: =IF(ISNA(VLOOKUP(D43,'[3]Table APOQUA files'!$B:$B,1,FALSE)),"NO","YES") -> YES | N43: =IF(ISNA(VLOOKUP(D43,'Base PFR table'!K:K,1,FALSE)),"NO","YES") -> NO | O43: TBC | P43: TBC
A44: X | D44: 01266_12_00209 | E44: FINITIONS LATERALES DE GRILLE D’AUVENT | F44: COWL VENT SIDEFINISHINGS | G44: V1A | H44: STR | I44: Front Face and Hood | J44: 40953 | K44: 45321 | L44: Approved | M44: =IF(ISNA(VLOOKUP(D44,'[3]Table APOQUA files'!$B:$B,1,FALSE)),"NO","YES") -> YES | N44: =IF(ISNA(VLOOKUP(D44,'Base PFR table'!K:K,1,FALSE)),"NO","YES") -> NO | O44: NC | P44: NA | Q44: Z.ELBOUROUMI | R44: LVE CLIP
D45: 01266_12_00210 | E45: MOUSSE ETANCHEITE LATERALE | F45: SIDE TIGHTNESS FOAM | G45: W3B | H45: OUV | I45: 0 | J45: 40953 | K45: 40994 | L45: Cancelled | M45: =IF(ISNA(VLOOKUP(D45,'[3]Table APOQUA files'!$B:$B,1,FALSE)),"NO","YES") -> YES | N45: =IF(ISNA(VLOOKUP(D45,'Base PFR table'!K:K,1,FALSE)),"NO","YES") -> NO | O45: CANCELED | P45: CANCELED
A46: X | D46: 01266_12_00280 | E46: JOINTS DE PORTE AV AR | F46: FRT RR DOOR SEAL | G46: W2A | H46: OUV | I46: Lateral Face and Doors | J46: 40973 | K46: 41809 | L46: Cancelled | M46: =IF(ISNA(VLOOKUP(D46,'[3]Table APOQUA files'!$B:$B,1,FALSE)),"NO","YES") -> YES | N46: =IF(ISNA(VLOOKUP(D46,'Base PFR table'!K:K,1,FALSE)),"NO","YES") -> NO | O46: CANCELED | P46: CANCELED
A47: X | D47: 01266_12_00327 | E47: RADIATEUR SUR TRAVERSE INF ET SUP | F47: RADIATOR ON LOWER + UPPER CROSSMEMBERS | G47: B12 | H47: AMO | I47: Front Face and Hood | J47: 40987 | K47: 44081 | L47: To be updated | M47: =IF(ISNA(VLOOKUP(D47,'[3]Table APOQUA files'!$B:$B,1,FALSE)),"NO","YES") -> YES | N47: =IF(ISNA(VLOOKUP(D47,'Base PFR table'!K:K,1,FALSE)),"NO","YES") -> NO | O47: TBC | P47: TBC
A48: X | D48: 01266_12_00386 | E48: TRAVERSE INF FAÇADE BLOC AVANT | F48: FRONT END LOWER CROSSMEMEBER | G48: K3D | H48: STR | I48: Front Face and Hood | J48: 40995 | K48: 42878 | L48: To be updated | M48: =IF(ISNA(VLOOKUP(D48,'[3]Table APOQUA files'!$B:$B,1,FALSE)),"NO","YES") -> YES | N48: =IF(ISNA(VLOOKUP(D48,'Base PFR table'!K:K,1,FALSE)),"NO","YES") -> NO | O48: TBC | P48: TBC
A49: X | D49: 01266_12_00407 | E49: CONDENSEUR EVAPORATEUR | F49: EVAPORATOR CONDENSOR | G49: V5B | H49: AMO | I49: Engine and Gearbox Adaptation | J49: 41001 | K49: 43769 | L49: Approved | M49: =IF(ISNA(VLOOKUP(D49,'[3]Table APOQUA files'!$B:$B,1,FALSE)),"NO","YES") -> YES | N49: =IF(ISNA(VLOOKUP(D49,'Base PFR table'!K:K,1,FALSE)),"NO","YES") -> NO | O49: TBC | P49: TBC
D50: 01266_12_00440 | E50: FIXATION GMV SUR RADIA | F50: MOUNTING MOTOR FAN ON RADIATOR | G50: B11 | H50: AMO | I50: 0 | J50: 41009 | K50: 41212 | L50: Cancelled | M50: =IF(ISNA(VLOOKUP(D50,'[3]Table APOQUA files'!$B:$B,1,FALSE)),"NO","YES") -> YES | N50: =IF(ISNA(VLOOKUP(D50,'Base PFR table'!K:K,1,FALSE)),"NO","YES") -> NO | O50: CANCELED | P50: CANCELED
A51: X | D51: 01266_12_00448 | E51: SUPPORT ECHANGEUR AIR AIR | F51: AIR AIR EXCHANGER SUPPORT | G51: A26 | H51: AMO | I51: Engine and Gearbox Adaptation | J51: 41009 | K51: 44440 | L51: Applicable | M51: =IF(ISNA(VLOOKUP(D51,'[3]Table APOQUA files'!$B:$B,1,FALSE)),"NO","YES") -> YES | N51: =IF(ISNA(VLOOKUP(D51,'Base PFR table'!K:K,1,FALSE)),"NO","YES") -> NO | O51: TBC | P51: TBC
A52: X | D52: 01266_12_00789 | E52: MODULE DEBRAYAGE | F52: MODULATE DECLUTCHING | G52: G11 | H52: ATR | I52: Liaison au sol | J52: 41095 | K52: 43074 | L52: To be updated | M52: =IF(ISNA(VLOOKUP(D52,'[3]Table APOQUA files'!$B:$B,1,FALSE)),"NO","YES") -> YES | N52: =IF(ISNA(VLOOKUP(D52,'Base PFR table'!K:K,1,FALSE)),"NO","YES") -> NO | O52: TBC | P52: TBC
A53: X | D53: 01266_12_00871 | E53: RACCORD PRISE DEPRESSION FREIN (RPDF) -BRIDAGE SUR MOTEUR | F53: FLANGING BVCC ON ENGINE | G53: F62 | H53: FRN | I53: Liaison au sol | J53: 41117 | K53: 44098 | L53: To be updated | M53: =IF(ISNA(VLOOKUP(D53,'[3]Table APOQUA files'!$B:$B,1,FALSE)),"NO","YES") -> YES | N53: =IF(ISNA(VLOOKUP(D53,'Base PFR table'!K:K,1,FALSE)),"NO","YES") -> NO | O53: TBC | P53: TBC
A54: X | D54: 01266_12_00993 | E54: TRAIN AR MULTI-BRAS | F54: RR AXLE - MULTI-SPOKE | G54: E20 | H54: LAS | I54: Liaison au sol | J54: 41165 | K54: 42999 | L54: To be updated | M54: =IF(ISNA(VLOOKUP(D54,'[3]Table APOQUA files'!$B:$B,1,FALSE)),"NO","YES") -> YES | N54: =IF(ISNA(VLOOKUP(D54,'Base PFR table'!K:K,1,FALSE)),"NO","YES") -> NO | O54: TBC | P54: TBC
A55: X | D55: 01266_13_00135 | E55: CABLE FREIN A MAIN - BRIDAGE SUR TRAIN AR | F55: FLANGING HANDBRAKE CABLE ON RR TRAIN | G55: F71 | H55: FRN | I55: Liaison au sol | J55: 41311 | K55: 44084 | L55: To be updated | M55: =IF(ISNA(VLOOKUP(D55,'[3]Table APOQUA files'!$B:$B,1,FALSE)),"NO","YES") -> YES | N55: =IF(ISNA(VLOOKUP(D55,'Base PFR table'!K:K,1,FALSE)),"NO","YES") -> NO | O55: TBC | P55: TBC
A56: X | D56: 01266_13_00240 | E56: FACADE MULTIFONCTION MUX | F56: MULTIFUNCTION FRONTAGE MUX | G56: Z5T | H56: EEH | I56: Engine and Gearbox | J56: 41338 | K56: 43455 | L56: To be updated | M56: =IF(ISNA(VLOOKUP(D56,'[3]Table APOQUA files'!$B:$B,1,FALSE)),"NO","YES") -> YES | N56: =IF(ISNA(VLOOKUP(D56,'Base PFR table'!K:K,1,FALSE)),"NO","YES") -> NO | O56: TBC | P56: TBC
A57: X | D57: 01266_13_00289 | E57: ADAPTATEUR ANTENNE RADIO FM1 - FM2 - DAB | F57: ADAPTOR RADIO AERIAL FM1 - FM2 - DAB | G57: Z7B | H57: EEH | I57: Harness and ECUs | J57: 41347 | K57: 45372 | L57: Approved | M57: =IF(ISNA(VLOOKUP(D57,'[3]Table APOQUA files'!$B:$B,1,FALSE)),"NO","YES") -> YES | N57: =IF(ISNA(VLOOKUP(D57,'Base PFR table'!K:K,1,FALSE)),"NO","YES") -> YES | O57: TBC | P57: TBC
A58: X | D58: 01266_13_00325 | E58: FLEXIBLE FREIN AR - BRIDAGE SUR TRAIN AR | F58: FLEXIBLE CLAMPING REAR BRAKE ON REAR AXLE | G58: F63 | H58: FRN | I58: Liaison au sol | J58: 41358 | K58: 42975 | L58: To be updated | M58: =IF(ISNA(VLOOKUP(D58,'[3]Table APOQUA files'!$B:$B,1,FALSE)),"NO","YES") -> YES | N58: =IF(ISNA(VLOOKUP(D58,'Base PFR table'!K:K,1,FALSE)),"NO","YES") -> NO | O58: TBC | P58: TBC
A59: X | D59: 01266_13_00326 | E59: CAPTEUR VITESSE ROUE AV | F59: FRONT WHEEL SPEED SENSOR | G59: F68 | H59: FRN | I59: Liaison au sol | J59: 41358 | K59: 45322 | L59: Approved | M59: =IF(ISNA(VLOOKUP(D59,'[3]Table APOQUA files'!$B:$B,1,FALSE)),"NO","YES") -> YES | N59: =IF(ISNA(VLOOKUP(D59,'Base PFR table'!K:K,1,FALSE)),"NO","YES") -> NO | O59: NC | P59: YES | Q59: Z.ELBOUROUMI | R59: LVE SCREW
A60: X | D60: 01266_13_00552 | E60: AIRBAG PASSAGER | F60: AIR BAG PASSENGER | G60: U1B | H60: PDC | I60: Dashboard and console | J60: 41443 | K60: 44895 | L60: To be updated | M60: =IF(ISNA(VLOOKUP(D60,'[3]Table APOQUA files'!$B:$B,1,FALSE)),"NO","YES") -> YES | N60: =IF(ISNA(VLOOKUP(D60,'Base PFR table'!K:K,1,FALSE)),"NO","YES") -> NO | O60: TBC | P60: TBC
A61: X | D61: 01266_13_00605 | E61: CAPTEUR HAUTEUR CAISSE AR | F61: REAR BODY HEIGHT SENSOR | G61: G76 | H61: HYD | I61: Liaison au sol | J61: 41450 | K61: 41457 | L61: To be updated | M61: =IF(ISNA(VLOOKUP(D61,'[3]Table APOQUA files'!$B:$B,1,FALSE)),"NO","YES") -> YES | N61: =IF(ISNA(VLOOKUP(D61,'Base PFR table'!K:K,1,FALSE)),"NO","YES") -> YES | O61: TBC | P61: TBC
A62: X | D62: 01266_13_00628 | E62: CANALISATION EMBRAYAGE HAUTE ET BASSE PRESSION | F62: HIGH PIPE CLUTCH AND LOW PRESSURE | G62: G32 | H62: ATR | I62: Engine and Gearbox Adaptation | J62: 41457 | K62: 44076 | L62: To be updated | M62: =IF(ISNA(VLOOKUP(D62,'[3]Table APOQUA files'!$B:$B,1,FALSE)),"NO","YES") -> YES | N62: =IF(ISNA(VLOOKUP(D62,'Base PFR table'!K:K,1,FALSE)),"NO","YES") -> NO | O62: TBC | P62: TBC
D63: 01266_13_00824 | E63: ARRET DE PORTE SUR CAISSE | F63: DOOR STOP ON BODY | G63: K7F | H63: OUV | I63: Lateral Face and Doors | J63: 41509 | K63: 44735 | L63: Cancelled | M63: =IF(ISNA(VLOOKUP(D63,'[3]Table APOQUA files'!$B:$B,1,FALSE)),"NO","YES") -> YES | N63: =IF(ISNA(VLOOKUP(D63,'Base PFR table'!K:K,1,FALSE)),"NO","YES") -> NO | O63: CANCELED | P63: CANCELED
A64: X | D64: 01266_13_00991 | E64: PROTECTEUR COURROIE | F64: BELT PROTECTION | G64: A18 | H64: ARM | I64: Engine and Gearbox | J64: 41555 | K64: 42542 | L64: To be updated | M64: =IF(ISNA(VLOOKUP(D64,'[3]Table APOQUA files'!$B:$B,1,FALSE)),"NO","YES") -> YES | N64: =IF(ISNA(VLOOKUP(D64,'Base PFR table'!K:K,1,FALSE)),"NO","YES") -> NO | O64: TBC | P64: TBC
A65: X | D65: 01266_13_01124 | E65: GARNITURE CADRE PORTE – INTERIEUR | F65: TRIMMING DOOR FRAME - INTERIOR | G65: X4C | H65: INT | I65: Lateral Face and Doors | J65: 41586 | K65: 45569 | L65: Approved | M65: =IF(ISNA(VLOOKUP(D65,'[3]Table APOQUA files'!$B:$B,1,FALSE)),"NO","YES") -> YES | N65: =IF(ISNA(VLOOKUP(D65,'Base PFR table'!K:K,1,FALSE)),"NO","YES") -> NO | O65: TBC | P65: TBC
A66: X | D66: 01266_14_00963 | E66: CAPTEUR PRESSION FILTRE PARTICULE | F66: PRESSURE SENSOR PARTICLE FILTER | G66: A37 | H66: EEM | I66: Harness and ECUs | J66: 41914 | K66: 44335 | L66: To be updated | M66: =IF(ISNA(VLOOKUP(D66,'[3]Table APOQUA files'!$B:$B,1,FALSE)),"NO","YES") -> YES | N66: =IF(ISNA(VLOOKUP(D66,'Base PFR table'!K:K,1,FALSE)),"NO","YES") -> NO | O66: TBC | P66: TBC
A67: X | D67: 01266_14_01080 | E67: CAPTEURS DE DEPOLLUTION SUR SUPPORT | F67: SENSOR DEPOLLUTION ON BRACKET | G67: B26 | H67: EEM | I67: Engine and Gearbox Adaptation | J67: 41940 | K67: 44081 | L67: To be updated | M67: =IF(ISNA(VLOOKUP(D67,'[3]Table APOQUA files'!$B:$B,1,FALSE)),"NO","YES") -> YES | N67: =IF(ISNA(VLOOKUP(D67,'Base PFR table'!K:K,1,FALSE)),"NO","YES") -> NO | O67: TBC | P67: TBC
A68: X | D68: 01266_14_01081 | E68: CAPTEURS DE DEPOLLUTION ASS SUR CAISSE | F68: SENSORS DEPOLLUTION INTEGRATED ON BODY | G68: B26 | H68: EEM | I68: Engine and Gearbox Adaptation | J68: 41940 | K68: 44097 | L68: To be updated | M68: =IF(ISNA(VLOOKUP(D68,'[3]Table APOQUA files'!$B:$B,1,FALSE)),"NO","YES") -> YES | N68: =IF(ISNA(VLOOKUP(D68,'Base PFR table'!K:K,1,FALSE)),"NO","YES") -> NO | O68: TBC | P68: TBC
D69: 01266_14_01085 | E69: SONDE NOX AMONT SUR MOTEUR | F69: PROBES NOX UPSTREAM ON ENGINE | G69: B26 | H69: EEM | I69: Engine and Gearbox Adaptation | J69: 41941 | K69: 41946 | L69: Cancelled | M69: =IF(ISNA(VLOOKUP(D69,'[3]Table APOQUA files'!$B:$B,1,FALSE)),"NO","YES") -> YES | N69: =IF(ISNA(VLOOKUP(D69,'Base PFR table'!K:K,1,FALSE)),"NO","YES") -> NO | O69: CANCELED | P69: CANCELED
A70: X | D70: 01266_14_01086 | E70: SONDE SUR LIGNE D'ECHAPPEMENT | F70: APOQUA EXHAUST LINE PROBES | G70: B26 & A27 | H70: EEM | I70: Engine and Gearbox Adaptation | J70: 41941 | K70: 45593 | L70: Applicable | M70: =IF(ISNA(VLOOKUP(D70,'[3]Table APOQUA files'!$B:$B,1,FALSE)),"NO","YES") -> YES | N70: =IF(ISNA(VLOOKUP(D70,'Base PFR table'!K:K,1,FALSE)),"NO","YES") -> NO | O70: TBC | P70: TBC
A71: X | D71: 01266_15_00670 | E71: COLONNE DIRECTION COMPLETE (PARTIE SUP) | F71: STEERING COLUMN COMPLETE | G71: E45 | H71: DIR | I71: Dashboard and console | J71: 42181 | K71: 45301 | L71: Approved | M71: =IF(ISNA(VLOOKUP(D71,'[3]Table APOQUA files'!$B:$B,1,FALSE)),"NO","YES") -> YES | N71: =IF(ISNA(VLOOKUP(D71,'Base PFR table'!K:K,1,FALSE)),"NO","YES") -> YES | O71: YES | P71: YES | Q71: Z.ELBOUROUMI
A72: X | D72: 01266_15_00738 | E72: RETROVISEUR EXTERIEUR | F72: REAR VIEW MIRROR | G72: R5A | H72: OUV | I72: Lateral Face and Doors | J72: 39608 | K72: 45394 | L72: Approved | M72: =IF(ISNA(VLOOKUP(D72,'[3]Table APOQUA files'!$B:$B,1,FALSE)),"NO","YES") -> YES | N72: =IF(ISNA(VLOOKUP(D72,'Base PFR table'!K:K,1,FALSE)),"NO","YES") -> NO | O72: TBC | P72: TBC
A73: X | D73: 01266_15_00980 | E73: RECEPTEUR RADIO TELEMATIQUE | F73: TELEMATICS RADIO RECEIVER | G73: Z7A | H73: EEH | I73: Dashboard and console | J73: 42375 | K73: 42452 | L73: To be updated | M73: =IF(ISNA(VLOOKUP(D73,'[3]Table APOQUA files'!$B:$B,1,FALSE)),"NO","YES") -> YES | N73: =IF(ISNA(VLOOKUP(D73,'Base PFR table'!K:K,1,FALSE)),"NO","YES") -> NO | O73: TBC | P73: TBC
A74: X | D74: 01266_16_00102 | E74: PLAQUETTE REGLAGE FACE AV - FERRAGE | F74: FRONT FACE ADJUSTMENT PLATE - BIW | G74: K3D | H74: STR | I74: Front Face and Hood | J74: 42439 | K74: 42544 | L74: To be updated | M74: =IF(ISNA(VLOOKUP(D74,'[3]Table APOQUA files'!$B:$B,1,FALSE)),"NO","YES") -> YES | N74: =IF(ISNA(VLOOKUP(D74,'Base PFR table'!K:K,1,FALSE)),"NO","YES") -> NO | O74: TBC | P74: TBC
A75: X | D75: 01266_16_00110 | E75: FEUX AR SUR CAISSE | F75: REAR TAIL LIGHTS | G75: Z2F | H75: EXT | I75: Rear Face and Tailgate | J75: 42404 | K75: 45373 | L75: Approved | M75: =IF(ISNA(VLOOKUP(D75,'[3]Table APOQUA files'!$B:$B,1,FALSE)),"NO","YES") -> YES | N75: =IF(ISNA(VLOOKUP(D75,'Base PFR table'!K:K,1,FALSE)),"NO","YES") -> YES | O75: TBC | P75: TBC
A76: X | D76: 01266_16_00242 | E76: PULSEUR DEPORTE SUR TRAVERSE | F76: PULSEUR ON CROSSMEMBER | G76: V2A | H76: PDC | I76: Dashboard and console | J76: 42459 | K76: 42459 | L76: To be updated | M76: =IF(ISNA(VLOOKUP(D76,'[3]Table APOQUA files'!$B:$B,1,FALSE)),"NO","YES") -> YES | N76: =IF(ISNA(VLOOKUP(D76,'Base PFR table'!K:K,1,FALSE)),"NO","YES") -> NO | O76: TBC | P76: TBC
A77: X | D77: 01266_16_00351 | E77: VISION TETE HAUTE (VTH) SUR PLANCHE DE BORD | F77: HIGHT VISION | G77: Z4F | H77: EEH | I77: Dashboard and console | J77: 43402 | K77: 43402 | L77: To be updated | M77: =IF(ISNA(VLOOKUP(D77,'[3]Table APOQUA files'!$B:$B,1,FALSE)),"NO","YES") -> YES | N77: =IF(ISNA(VLOOKUP(D77,'Base PFR table'!K:K,1,FALSE)),"NO","YES") -> NO | O77: TBC | P77: TBC
A78: X | D78: 01266_16_00639 | E78: BRIDE BATTERIE 12V | F78: CLAMP BATTERY 12V | G78: Z1B | H78: AEE | I78: Front Face and Hood | J78: 42629 | K78: 44355 | L78: To be updated | M78: =IF(ISNA(VLOOKUP(D78,'[3]Table APOQUA files'!$B:$B,1,FALSE)),"NO","YES") -> YES | N78: =IF(ISNA(VLOOKUP(D78,'Base PFR table'!K:K,1,FALSE)),"NO","YES") -> NO | O78: TBC | P78: TBC
A79: X | D79: 01266_16_00647 | E79: DEFLECTEUR AIR CENTRAL AV | F79: FRONT CENTRAL AIR DEFLECTOR | G79: K2E | H79: STR | I79: Front Face and Hood | J79: 42723 | K79: 44529 | L79: To be updated | M79: =IF(ISNA(VLOOKUP(D79,'[3]Table APOQUA files'!$B:$B,1,FALSE)),"NO","YES") -> YES | N79: =IF(ISNA(VLOOKUP(D79,'Base PFR table'!K:K,1,FALSE)),"NO","YES") -> NO | O79: TBC | P79: TBC
A80: X | D80: 01266_16_00706 | E80: CONVERTISSEUR SUR BOITE AUTOMATIQUE | F80: CONVERTER ON FLEXPLATE - AUTOMATIC GEARBOX | G80: C12 | H80: ABA | I80: Engine and Gearbox Adaptation | J80: 42667 | K80: 42667 | L80: To be updated | M80: =IF(ISNA(VLOOKUP(D80,'[3]Table APOQUA files'!$B:$B,1,FALSE)),"NO","YES") -> YES | N80: =IF(ISNA(VLOOKUP(D80,'Base PFR table'!K:K,1,FALSE)),"NO","YES") -> NO | O80: TBC | P80: TBC
A81: X | D81: 01266_16_00711 | E81: ARTIV/ACC - AIDE AU RESPECT DU TEMPS INTER VEHICULAIRE | F81: ARTIV/ACC ADAPTATIVE CRUISE CONTROL | G81: Z4F | H81: EEH | I81: Harness and ECUs | J81: 42542 | K81: 42542 | L81: To be updated | M81: =IF(ISNA(VLOOKUP(D81,'[3]Table APOQUA files'!$B:$B,1,FALSE)),"NO","YES") -> YES | N81: =IF(ISNA(VLOOKUP(D81,'Base PFR table'!K:K,1,FALSE)),"NO","YES") -> NO | O81: TBC | P81: TBC
A82: X | D82: 01266_16_00712 | E82: ENJOLIVEUR COI | F82: COI TRIM | G82: X4A | H82: INT | I82: Lateral Face and Doors | J82: 39608 | K82: 42823 | L82: To be updated | M82: =IF(ISNA(VLOOKUP(D82,'[3]Table APOQUA files'!$B:$B,1,FALSE)),"NO","YES") -> YES | N82: =IF(ISNA(VLOOKUP(D82,'Base PFR table'!K:K,1,FALSE)),"NO","YES") -> NO | O82: TBC | P82: TBC
A83: X | D83: 01266_16_00801 | E83: SUPPORT POIGNEE DE TIRAGE | F83: GRAB HANDLE SUPPORT | G83: X4A | H83: INT | I83: Lateral Face and Doors | J83: 39608 | K83: 42818 | L83: To be updated | M83: =IF(ISNA(VLOOKUP(D83,'[3]Table APOQUA files'!$B:$B,1,FALSE)),"NO","YES") -> YES | N83: =IF(ISNA(VLOOKUP(D83,'Base PFR table'!K:K,1,FALSE)),"NO","YES") -> NO | O83: TBC | P83: TBC
... A97: X | D97: 01266_18_00903 | E97: ROUES PRINCIPALES TÔLE | F97: MAIN WHEELS STEEL | G97: E31 | H97: LAS | I97: Liaison au sol | J97: 39608 | K97: 45203 | L97: To be updated | M97: =IF(ISNA(VLOOKUP(D97,'[3]Table APOQUA files'!$B:$B,1,FALSE)),"NO","YES") -> YES | N97: =IF(ISNA(VLOOKUP(D97,'Base PFR table'!K:K,1,FALSE)),"NO","YES") -> NO | O97: TBC | P97: TBC
A98: X | D98: 01266_18_00948 | E98: SUPPORT POMPE VIDE FREINAGE | F98: BRAKE VACUUM PUMP SUPPORT | G98: F66 | I98: Front Face and Hood | J98: 44704 | K98: 12/04/2023 | L98: Applicable | M98: =IF(ISNA(VLOOKUP(D98,'[3]Table APOQUA files'!$B:$B,1,FALSE)),"NO","YES") -> YES | N98: =IF(ISNA(VLOOKUP(D98,'Base PFR table'!K:K,1,FALSE)),"NO","YES") -> NO | O98: TBC | P98: TBC
A99: X | D99: 01266_18_01133 | E99: ACCOUDOIR SUR CONSOLE | F99: ARMREST FIXATION ON CONSOLE | G99: S3A | H99: PDC | I99: Dashboard and console | J99: 43500 | K99: 43500 | L99: To be updated | M99: =IF(ISNA(VLOOKUP(D99,'[3]Table APOQUA files'!$B:$B,1,FALSE)),"NO","YES") -> YES | N99: =IF(ISNA(VLOOKUP(D99,'Base PFR table'!K:K,1,FALSE)),"NO","YES") -> NO | O99: TBC | P99: TBC
A100: X | D100: 01266_18_01134 | E100: CONSOLE SUR SUPPORT ARRIERE | F100: FIXATION CONSOLE ON BRACKET | G100: S3A | H100: PDC | I100: Dashboard and console | J100: 43500 | K100: 43500 | L100: To be updated | M100: =IF(ISNA(VLOOKUP(D100,'[3]Table APOQUA files'!$B:$B,1,FALSE)),"NO","YES") -> YES | N100: =IF(ISNA(VLOOKUP(D100,'Base PFR table'!K:K,1,FALSE)),"NO","YES") -> NO | O100: TBC | P100: TBC
A101: X | D101: 01266_18_01135 | E101: CACHE CLIMATISUER SUR CAISSE (TUNNEL) | F101: HEATER COVER FASTENING ON BODY (TUNNEL) | G101: S3A | H101: PDC | I101: Dashboard and console | J101: 43500 | K101: 43500 | L101: To be updated | M101: =IF(ISNA(VLOOKUP(D101,'[3]Table APOQUA files'!$B:$B,1,FALSE)),"NO","YES") -> YES | N101: =IF(ISNA(VLOOKUP(D101,'Base PFR table'!K:K,1,FALSE)),"NO","YES") -> NO | O101: TBC | P101: TBC
A102: X | D102: 01266_18_01160 | E102: RACCORDS ENTREE AIR SUR TURBO | F102: AIR INLET CONNECTIONS ON TURBO | G102: A26 | H102: AMO | I102: Engine and Gearbox | J102: 43492 | K102: 43791 | L102: To be updated | M102: =IF(ISNA(VLOOKUP(D102,'[3]Table APOQUA files'!$B:$B,1,FALSE)),"NO","YES") -> YES | N102: =IF(ISNA(VLOOKUP(D102,'Base PFR table'!K:K,1,FALSE)),"NO","YES") -> NO | O102: TBC | P102: TBC
A103: X | D103: 01266_18_01165 | E103: PARTIE DOSSIER CENTRALE (SIEGE RANG 2) | F103: CENTRAL PIVOTING BACK SEAT ( SEATS ROW 2) | G103: Y2A | H103: ASS | I103: Seats and safety belts | J103: 43446 | K103: 45476 | L103: Current Update | M103: =IF(ISNA(VLOOKUP(D103,'[3]Table APOQUA files'!$B:$B,1,FALSE)),"NO","YES") -> YES | N103: =IF(ISNA(VLOOKUP(D103,'Base PFR table'!K:K,1,FALSE)),"NO","YES") -> NO | O103: TBC | P103: TBC
A104: X | D104: 01266_19_00103 | E104: PANORAMIQUE VISUEL SYSTEME | F104: PANORAMIC VISUAL SYSTEM | G104: Z4F | H104: EEH | I104: 0 | J104: 43580 | K104: 43570 | L104: To be updated | M104: =IF(ISNA(VLOOKUP(D104,'[3]Table APOQUA files'!$B:$B,1,FALSE)),"NO","YES") -> YES | N104: =IF(ISNA(VLOOKUP(D104,'Base PFR table'!K:K,1,FALSE)),"NO","YES") -> NO | O104: TBC | P104: TBC
A105: X | D105: 01266_19_00169 | E105: COMMANDE DE VITESSES MONOSTABLE | F105: MONOSTABLE SPEED CONTROL | G105: G21 | H105: ATR | I105: Engine and Gearbox | J105: 43528 | K105: 43775 | L105: To be updated | M105: =IF(ISNA(VLOOKUP(D105,'[3]Table APOQUA files'!$B:$B,1,FALSE)),"NO","YES") -> YES | N105: =IF(ISNA(VLOOKUP(D105,'Base PFR table'!K:K,1,FALSE)),"NO","YES") -> NO | O105: TBC | P105: TBC
A106: X | D106: 01266_19_00170 | E106: DEFLECTEUR AIR SOUS CAISSE | F106: UNDERBODY DEFLECTOR | G106: K2E | H106: STR | I106: Under Body | J106: 44403 | K106: 44747 | L106: To be updated | M106: =IF(ISNA(VLOOKUP(D106,'[3]Table APOQUA files'!$B:$B,1,FALSE)),"NO","YES") -> YES | N106: =IF(ISNA(VLOOKUP(D106,'Base PFR table'!K:K,1,FALSE)),"NO","YES") -> NO | O106: TBC | P106: TBC
A107: X | D107: 01266_19_00185 | E107: COMMANDE DE VITESSES TOGGLE | F107: TOGGLE SPEED CONTROL | G107: G21 | H107: ATR | I107: Engine and Gearbox | J107: 43528 | K107: 43570 | L107: To be updated | M107: =IF(ISNA(VLOOKUP(D107,'[3]Table APOQUA files'!$B:$B,1,FALSE)),"NO","YES") -> NO | N107: =IF(ISNA(VLOOKUP(D107,'Base PFR table'!K:K,1,FALSE)),"NO","YES") -> NO | O107: TBC | P107: TBC
A108: X | D108: 01266_19_00211 | E108: CAMERA VIDEO MULTIFONCTION | F108: MULTIPURPOSE VIDEO CAMERA | G108: Z4F | H108: EEH | I108: Front Face and Hood | J108: 43612 | K108: 45373 | L108: Approved | M108: =IF(ISNA(VLOOKUP(D108,'[3]Table APOQUA files'!$B:$B,1,FALSE)),"NO","YES") -> YES | N108: =IF(ISNA(VLOOKUP(D108,'Base PFR table'!K:K,1,FALSE)),"NO","YES") -> NO | O108: TBC | P108: TBC
A109: X | D109: 01266_19_00212 | E109: ECHANGEUR EAU REFROIDISSEMENT BATTERIE DE TRACTION | F109: WATER COOLER FOR HV BATTERY | G109: Z1B | H109: AEE | I109: Battery under body | J109: 43619 | K109: 43801 | L109: To be updated | M109: =IF(ISNA(VLOOKUP(D109,'[3]Table APOQUA files'!$B:$B,1,FALSE)),"NO","YES") -> YES | N109: =IF(ISNA(VLOOKUP(D109,'Base PFR table'!K:K,1,FALSE)),"NO","YES") -> NO | O109: TBC | P109: TBC
A110: X | D110: 01266_19_00213 | E110: ETRIER FREIN AV/AR | F110: FRT/RR BRAKE CALIPER | G110: F41 | H110: FRN | I110: Liaison au sol | J110: 43628 | K110: 45601 | L110: Applicable | M110: =IF(ISNA(VLOOKUP(D110,'[3]Table APOQUA files'!$B:$B,1,FALSE)),"NO","YES") -> YES | N110: =IF(ISNA(VLOOKUP(D110,'Base PFR table'!K:K,1,FALSE)),"NO","YES") -> YES | O110: TBC | P110: TBC
A111: X | D111: 01266_19_00278 | E111: CAPTEUR POSITION PEDALE FREIN | F111: BRAKE PEDAL POSITION SENSOR | G111: G11 | H111: ATR | I111: Engine and Gearbox | J111: 43601 | K111: 43601 | L111: To be updated | M111: =IF(ISNA(VLOOKUP(D111,'[3]Table APOQUA files'!$B:$B,1,FALSE)),"NO","YES") -> YES | N111: =IF(ISNA(VLOOKUP(D111,'Base PFR table'!K:K,1,FALSE)),"NO","YES") -> NO | O111: TBC | P111: TBC
A112: X | D112: 01266_19_00349 | E112: BUTEE D'ATTAQUE TRAIN AR DEFORMABLE | F112: DEFORMABLE REAR AXLE ATTACK STOP | G112: E25 | H112: LAS | I112: Liaison au sol | J112: 43636 | K112: 43630 | L112: To be updated | M112: =IF(ISNA(VLOOKUP(D112,'[3]Table APOQUA files'!$B:$B,1,FALSE)),"NO","YES") -> YES | N112: =IF(ISNA(VLOOKUP(D112,'Base PFR table'!K:K,1,FALSE)),"NO","YES") -> NO | O112: TBC | P112: TBC
A113: X | D113: 01266_19_00351 | E113: CONTACTEUR_STOP_ELECTRONIQUE | F113: ELECTRONIC STOP CONTACTOR | G113: G11 | H113: ATR | I113: Engine and Gearbox | J113: 43619 | K113: 43612 | L113: To be updated | M113: =IF(ISNA(VLOOKUP(D113,'[3]Table APOQUA files'!$B:$B,1,FALSE)),"NO","YES") -> YES | N113: =IF(ISNA(VLOOKUP(D113,'Base PFR table'!K:K,1,FALSE)),"NO","YES") -> NO | O113: TBC | P113: TBC
...

Sheet List fastener in APOQUA files
C4: priority list is on this link (reachable also by FPEE share point*) :
C6: Docinfo
C7: http://docinfogroupe.inetpsa.com/ead/doc/ref.01266_21_00091/v.vc/fiche
C14: *

Sheet PORO table
A1: reference | B1: english designation | C1: psa code | D1: vehicule area | E1: last modification | F1: Status | G1: Ref screw, nut BdL | H1: nb Tightening | I1: Nb Tightening LVE | J1: Ref clip BdL | K1: Nb agrafes BdL | L1: triplet for poro
A2: 01266_22_00523 | B2: FRONT/REAR LASHING EYES | C2: X5E | D2: Interior Trims | E2: 23/02/2023 | F2: Update format to do | G2: - B SOLUTION 9809840080 SCREW H RP18 M6X100 L20 AC8 ZLVFGL FP coef 1 | H2: 0 1 | I2: 0 0 | J2: - - | K2: 0 0 | L2: - HSP10_8_15
A3: 01266_10_00734 | B3: HOOD STABILIZER | C3: N2A | D3: Front Face and Hood | E3: 03/04/2023 | F3: Applicable | G3: - | H3: 0 | I3: 0 | J3: - | K3: 0 | L3: -
A4: 01266_12_00151 | B4: COWL WATER OUTLET | C4: V1C | E4: 24/04/2023 | F4: Applicable | G4: - | H4: 0 | I4: coef | J4: - | K4: 0 | L4: -
A5: 01266_13_00326 | B5: FRONT WHEEL SPEED SENSOR | C5: F68 | D5: Liaison au sol | E5: 31/04/2024 | F5: Approved | G5: - | H5: 0 | I5: coef 1 | J5: - | K5: 0 | L5: TX30_8_15
A6: 01266_17_00696 | B6: DOOR PRESSURE SENSOR | C6: 0 | D6: Lateral Face and Doors | E6: 24/04/2023 | F6: Applicable | G6: - | H6: 0 | I6: coef | J6: - | K6: 0 | L6: -
A7: 01266_19_00600 | B7: REARVIEW MIRROR | C7: T2E | D7: Roof and Roof trim | E7: 18/04/2023 | F7: Applicable | G7: - | H7: 0 | I7: 0 | J7: coef | K7: coef | L7: -
A8: 01266_19_00602 | B8: INTERIOR REARVIEW MIRROR FOOT COVER | C8: T2E | D8: Roof and Roof trim | E8: 18/04/2023 | F8: Applicable | G8: - | H8: 0 | I8: 0 | J8: coef | K8: coef | L8: -
A9: 01266_19_00604 | B9: SENSOR RAIN DETECTION | C9: Z6E | D9: Front Face and Hood | E9: 21/04/2023 | F9: Applicable | G9: - | H9: 0 | I9: coef | J9: - | K9: 0 | L9: -
A10: 01266_19_00606 | B10: AIR EXTRACTOR | C10: V4B | D10: Interior Trims | E10: 18/04/2023 | F10: Applicable | G10: - | H10: 0 | I10: 0 | J10: coef | K10: coef | L10: -
A11: 01266_22_00522 | B11: SUN VISOR HOOK | C11: T2A | D11: Roof and Roof trim | E11: 04/07/2023 | F11: Update format to do | G11: - | H11: 0 | I11: 0 | J11: - | K11: 0 | L11: -
A12: DITV_ATAT07_0009 | B12: TRUNCK CARPET | C12: X5A | D12: Interior Trims | E12: 19/04/2023 | F12: Applicable | G12: - | H12: 0 | I12: 0 | J12: - | K12: 0 | L12: -
A13: DITV_ATAT07_0045 | B13: SHEATH COLUMN (upper and lower) | C13: S1D | D13: Dashboard and console | E13: 05/04/2023 | F13: Update format to do | G13: - | H13: 0 | I13: coef 3 | J13: - | K13: 0 | L13: TX20_2_15
A14: DITV_ATAT07_0051 | B14: TWEETER and GRID TWEETER | C14: Z7D | E14: 03/04/2023 | F14: Applicable | G14: - | H14: 0 | I14: 0 | J14: - | K14: 0 | L14: -
A15: DITV_ATAT07_0285 | B15: BONNET SOUND DEADENING | C15: X1B | D15: Front Face and Hood | E15: 24/04/2023 | F15: Update format to do | G15: - | H15: 0 | I15: 0 | J15: - | K15: 0 | L15: -
A16: DPTA_DMOV05_0956 | B16: INTERIOR FINISHER GUSSET DOOR | C16: X4C | D16: Lateral Face and Doors | E16: 24/04/2023 | F16: Applicable | G16: - | H16: 0 | I16: 0 | J16: - | K16: 0 | L16: -
A17: DPTA_DMOV05_0968 | B17: REGISTRATION PLATE FINISHER | C17: R3F | D17: Rear Face and Tailgate | E17: 29/08/2023 | F17: Applicable | G17: - | H17: 0 | I17: 0 | J17: - | K17: 0 | L17: -
A18: DPTA_DMOV06_0053 | B18: HOOD STOP | C18: N2A | D18: Front Face and Hood | E18: 31/03/2023 | F18: Applicable | G18: - | H18: 0 | I18: 0 | J18: - | K18: 0 | L18: -
A19: DPTA_DMOV06_0110 | B19: SEAL TAILGATE APERTURE | C19: W3A | D19: Rear Face and Tailgate | E19: 19/04/2023 | F19: Applicable | G19: - | H19: 0 | I19: 0 | J19: - | K19: 0 | L19: -
A20: DPTA_DMOV06_0151 | B20: REAR WINDOW WIPER MOTOR | C20: Z6F | D20: Rear Face and Tailgate | E20: 25/04/2023 | F20: Applicable | G20: - | H20: 0 | I20: coef 3 | J20: - | K20: 0 | L20: HSP10_8_15
A21: 01266_22_00761 | B21: FRONT FENDER UPPER FINISHER | C21: R3D | D21: Front Face and Hood | E21: 02/06/2023 | F21: Applicable | G21: - | H21: 0 | I21: 0 | J21: - | K21: 0 | L21: -
A22: 01266_22_00762 | B22: UPPER CAR BODY TRIM | C22: R3C | D22: Lateral Face and Doors | E22: 45229 | F22: Approved | G22: - | H22: 0 | I22: 0 | J22: - | K22: 0 | L22: -
A23: 01266_22_00514 | B23: RR DOOR GUSSET INR FINISHER | C23: X4C | D23: Lateral Face and Doors | E23: 45225 | F23: Applicable | G23: - | H23: 0 | I23: 0 | J23: - | K23: 0 | L23: -
A24: 01266_22_00513 | B24: FINISHER DRIP CHANNEL | C24: R3A | D24: Lateral Face and Doors | E24: 05/07/2023 | F24: Applicable | G24: - | H24: 0 | I24: 0 | J24: - | K24: 0 | L24: -
A25: 01266_23_00137 | B25: REAR GAS SPRING | C25: N2B | D25: Rear Face and Tailgate | E25: 29/05/2023 | F25: Applicable | G25: - | H25: 0 | I25: 0 | J25: - | K25: 0 | L25: -
A26: 01266_22_00518 | B26: CENTRAL AIRBAG DEFLECTOR | C26: U1C | D26: Interior Trims | E26: 45230 | F26: Approved | G26: - | H26: 0 | I26: 0 | J26: - | K26: 0 | L26: -
A27: 01266_22_00759 | B27: FRONT SAFETY BELT STRAP DEVIATOR | C27: U1A | D27: Seats and safety belts | E27: 45215 | F27: Current Update | G27: - | H27: 0 | I27: 0 | J27: - | K27: 0 | L27: -
A28: 01266_22_00760 | B28: FRONT/REAR SOUND DEADENING TUNNEL | C28: X2A | D28: Interior Trims | E28: 18/04/2023 | F28: Applicable | G28: - | H28: 0 | I28: 0 | J28: - | K28: 0 | L28: -
A29: 01266_22_00765 | B29: INSPECTION TRAP | C29: X5B | D29: Rear Face and Tailgate | E29: 45237 | F29: Approved | G29: - | H29: 0 | I29: 0 | J29: - | K29: 0 | L29: -
A30: 01266_23_00140 | B30: DOOR MOUNTED SEAL | C30: W2A | D30: Lateral Face and Doors | E30: 45225 | F30: Approved | G30: - | H30: 0 | I30: 0 | J30: - | K30: 0 | L30: -
A31: 01266_23_00185 | B31: PASSENGER AIRBAG DISABLING CONTROL | C31: U4A | D31: Dashboard and console | E31: 22/05/2023 | F31: Applicable | G31: - | H31: 0 | I31: 0 | J31: - | K31: 0 | L31: -
A32: 01266_23_00186 | B32: FACIA PANEL MAG POUCH LIGHT | C32: Z2M | D32: Dashboard and console | E32: 22/05/2023 | F32: Applicable | G32: - | H32: 0 | I32: 0 | J32: coef | K32: coef | L32: -
A33: 01266_23_00190 | B33: WINDSCREEN DEFROSTING GRID | C33: S1A | D33: NEW | E33: 28/07/2023 | F33: Applicable | G33: - | H33: 0 | I33: 0 | J33: - | K33: 0 | L33: -
A34: 01266_23_00193 | B34: DUCT AIR DISTRIBUTION FACIA PANEL RH/LH | C34: V3A | D34: NEW | E34: 28/07/2023 | F34: Applicable | G34: - | H34: 0 | I34: 0 | J34: 9621385880 RIVET DEMONT 6,5 D22 E3,8 E6 PLAS coef 1 PER PART | K34: coef 1 PER PART | L34: -
A35: 01266_22_00509 | B35: DUCT AIR DISTRIBUTION FACIA PANEL | C35: V3A | D35: NEW | E35: 28/07/2023 | F35: Current Update | G35: - | H35: 0 | I35: 0 | J35: 9621385880 RIVET DEMONT 6,5 D22 E3,8 E6 PLAS coef 1 PER PART | K35: coef 1 PER PART | L35: -
A36: 01266_22_00139 | B36: FACIA PNL MIXER AIR DUCT on DASHBOARD | C36: V3A | E36: 28/07/2023 | F36: Current Update | G36: - | H36: 0 | I36: coef 3 | J36: - | K36: 0 | L36: TX20_2_15
A37: 01266_23_00189 | B37: AIR DIFUSER ADJUSTABLE LH RH FACIA PANEL | C37: V3A | D37: NEW | E37: 05/04/2023 | F37: Current Update | G37: TO CONVERGE coef | H37: 0 | I37: 0 | J37: - | K37: 0 | L37: -
A38: DPTA_DMOV06_0075 | B38: CRASH DETECTION SENSOR | C38: U4A | D38: Seats and safety belts | E38: 24/04/2023 | F38: Update format to do | G38: 7903233029 NUT K H EMB NETT M6X100 AC8 ZNIA3L coef 1 | H38: 1 | I38: 0 | J38: - | K38: 0 | L38: HSP10_8_15
A39: DPTA_DMOV06_0168 | B39: FRONT ARM WIPER BLADE GLASS WIPE | C39: Z6E | D39: Front Face and Hood | E39: 31/04/2024 | F39: Approved | G39: 7903233039 NUT K H RCN M10X150 AC8 ZNIDN3L 4N coef 1 | H39: 1 | I39: 0 | J39: - | K39: 0 | L39: HSP16_25_15
A40: 01266_22_00528 | B40: WATER INPUT HOSE OF BATTERY TRACTION CHARGER | C40: B12 | D40: Engine and Gearbox | E40: 07/04/2023 | F40: Applicable | G40: 7903233042 ECROU KP H EMB M6X100 AC8 ZNIA3L coef 1 | H40: 1 | I40: 0 | J40: - | K40: 0 | L40: HSP10_8_15
A41: 01266_10_01548 | B41: HOOK SAFETY HOOD | C41: N2A | D41: Front Face and Hood | E41: 13/04/2023 | F41: Update format to do | G41: 7903233042 NUT KP H EMB M6X100 AC8 ZNIA3L coef 2 | H41: 2 | I41: 0 | J41: - | K41: 0 | L41: HSP10_8_15
A42: 01266_22_00510 | B42: HIGH PRESSURE 2-WAY SOLENOID VALVE | C42: B14 | D42: Engine and Gearbox | E42: 07/04/2023 | F42: Applicable | G42: 7903233042 ECROU KP H EMB M6X100 AC8 ZNIA3L coef 2 | H42: 2 | I42: 0 | J42: - | K42: 0 | L42: HSP10_8_15
A43: 01266_22_00526 | B43: NON-RETURN VALVE on E_PWT | C43: V5C | D43: Engine and Gearbox | E43: 04/04/2023 | F43: Applicable | G43: 7903233042 ECROU KP H EMB M6X100 AC8 ZNIA3L coef 2 | H43: 2 | I43: 0 | J43: - | K43: 0 | L43: HSP10_8_15
A44: 01266_22_00527 | B44: LOW VOLTAGE WATER RESISTANCE REHEATING | C44: V2K | D44: Engine and Gearbox | E44: 05/04/2023 | F44: Applicable | G44: 7903233042 ECROU KP H EMB M6X100 AC8 ZNIA3L coef 2 | H44: 2 | I44: 0 | J44: - | K44: 0 | L44: HSP10_8_15
A45: 01266_22_00511 | B45: CONDENSER WATER CIRCUIT AEROTHERM SET on E_PWT | C45: V5B | D45: Engine and Gearbox | E45: 04/04/2023 | F45: Applicable | G45: 7903233042 ECROU KP H EMB M6X100 AC8 ZNIA3L coef 3 or 4 | H45: 3 or 4 | I45: 0 | J45: - | K45: 0 | L45: HSP10_8_15
A46: 01266_09_00156 | B46: REGISTRATION PLATE FINISHER | C46: R3F | D46: Rear Face and Tailgate | E46: 12/09/2023 | F46: Update format to do | G46: 7903233042 NUT KP H EMB M6X100 AC8 ZNIA3L coef 4 TO 6 | H46: 4 TO 6 | I46: 0 | J46: - | K46: 0 | L46: HSP10_4_15
A47: 01266_18_00948 | B47: BRAKE VACUUM PUMP SUPPORT | C47: F66 | D47: Front Face and Hood | E47: 12/04/2023 | F47: Applicable | G47: 7903233042 ECROU KP H EMB M6X100 AC8 ZNIA3L coef 6 9822751380 VIS H EMB M6X100 L20 AC8 ZLVFGL FP coef 1 | H47: 6 1 | I47: 0 0 | J47: - - | K47: 0 0 | L47: HSP10_8_15 HSP10_8_15
A48: 01266_22_00529 | B48: CROSS MEMBER ELECTROMOTOR GROUP BRACKET | C48: D31 | D48: Engine and Gearbox | E48: 05/04/2023 | F48: Applicable | G48: 7903233050 ECROU H EMB M12X175 AC10 ZNIA3L coef 2 at 4 | H48: 2 at 4 | I48: 0 | J48: - | K48: 0 | L48: HSP18_120_10
A49: 01266_20_00215 | B49: ELECTRIC PT IMPACTOR | C49: D11 | D49: Engine and Gearbox Adaptation | E49: 24/04/2023 | F49: Update format to do | G49: 7903602377 SCREW HR EMB M12X175 L60 AC10 ZNIDA3L CC coef 2 | H49: 2 | I49: 0 | J49: - | K49: 0 | L49: HSP16_60_15
A50: 01266_23_00187 | B50: FRONT BRAKE DISK | C50: F11 | D50: Liaison au sol | E50: 08/06/2023 | F50: Applicable | G50: 9626890780 SCREW KM FX M6X100 L14 AC8 ZNIA3L CO coef 2 | H50: 2 | I50: 0 | J50: - | K50: 0 | L50: TX30_10_15
A51: 01266_18_01165 | B51: CENTRAL PIVOTING BACK SEAT ( SEATS ROW 2) | C51: Y2A | D51: Seats and safety belts | E51: 08/03/2023 | F51: Applicable | G51: 9644634980 VIS HR EMB M12X175 L32 AC10 ZLVMGL CO coef 3 to 4 9837950580 ECROU % HR EMB M12X175 AC10 ZLVFGL coef 1 per belt buckle/anchorage | H51: 3 to 4 1 per belt buckle/anchorage | I51: 0 0 | J51: - - | K51: 0 0 | L51: HSP16_40_15 HSP16_40_15
A52: 01266_16_00110 | B52: REAR TAIL LIGHTS | C52: Z2F | D52: Rear Face and Tailgate | E52: 04/08/2021 | F52: Update format to do | G52: 9671588080 NUT H RPL NETT M6X100 AC8 ZNIA3L coef 1 | H52: 1 | I52: 0 | J52: - | K52: 0 | L52: HSP10_4_15
A53: 01266_10_00632 | B53: DASHBOARD ON BODY | C53: S1A | D53: Dashboard and console | E53: 45218 | F53: Approved | G53: 9674550680 SCREW % H RC22 M8X125 L30 AC10 ZLVMGL FP coef 4 9674550080 SCREW H RCL M8X125 L45 AC8 ZLVMGL FP coef 1 | H53: 4 1 | I53: 0 0 | J53: - - | K53: 0 0 | L53: HSP13_20_15 HSP13_20_15
A54: 01266_22_00349 | B54: REFRIGERATION COMPRESSOR SUPPORT (BEV) | C54: A18 | D54: Engine and Gearbox Adaptation | E54: 12/04/2023 | F54: Current Update | G54: 9675317780 VIS H EMB M8X125 L45 AC10 ZNIDA3L CC coef 4 | H54: 4 | I54: 0 | J54: - | K54: 0 | L54: HSP13_20_15
A55: 01266_10_00643 | B55: RANK 1 SEAT | C55: Y1A | D55: Seats and safety belts / SiEges et moyens de retenu | E55: 30/08/2023 | F55: Update format to do | G55: 9677602580 SCREW % CBLX M10X150 L30 AC10 FP coef 4 | H55: 4 | I55: 0 | J55: - | K55: 0 | L55: TX40_30_15
A56: 01266_11_00285 | B56: FRONT SHOCK ABSORBER ELEMENTS | C56: E14 | D56: Liaison au sol | E56: 45226 | F56: Approved | G56: 9684033880 NUT % H EMB FREIN M14X150 AC8 ZNIA3L coef 1 | H56: 1 | I56: 0 | J56: - | K56: 0 | L56: HSP21_100_10
A57: 01266_22_00515 | B57: FRONT RADAR ELECTRONIC UNIT ENS | C57: Z4F | D57: Front Face and Hood | E57: 20/06/2023 | F57: Current Update | G57: 9801024980 VIS RLX MTEND 4,5 L20 AC ZNIDN3L coef 1 | H57: 1 | I57: 0 | J57: - | K57: 0 | L57: TX20_2_15
A58: 01266_15_00670 | B58: STEERING COLUMN COMPLETE (UPPER ZONE) | C58: E45 | D58: Dashboard and console | E58: 45301 | F58: Approved | G58: 9801970280 NUT H RCN M8X125 AC8 ZNIDA3L coef 2 9802186380 SCREW % H RC22 M8X125 L25 AC8 ZLVFGL FP coef 2 | H58: 2 2 | I58: 0 0 | J58: - - | K58: 0 0 | L58: HSP13_20_15 HSP13_20_15
A59: 01266_19_00845 | B59: TUNNEL RADIUS ROD BOND | C59: K3A | D59: Dashboard and console | E59: 24/04/2023 | F59: Update format to do | G59: on dashboard 9801970280 NUT H RCN M8X125 AC8 ZNIDA3L 8N coef 2 on tunnel 9674550680 SCREW % H RC22 M8X125 L30 AC10 ZLVMGL FP coef 1 B-solution / on dashboard 9674550680 SCREW % H RC22 M8X125 L30 AC10 ZLVMGL FP coef 2 B solution / on tunnel 9674550680 SCREW % H RC22 M8X125 L30 AC10 ZLVMGL FP coef 1 | H59: 2 1 2 1 | I59: 0 0 0 0 | J59: - - - - | K59: 0 0 0 0 | L59: HSP13_20_15 HSP13_20_15 HSP13_20_15 HSP13_20_15
A60: 01266_22_00351 | B60: WATER OUTLET COLLECTOR | C60: B12 | E60: 19/04/2023 | F60: Applicable | G60: 9802244280 SCREW % H EMB M6X100 L25 AC8 ZNIDA3L FP coef 2 - | H60: 2 0 | I60: 0 coef 2 | J60: - - | K60: 0 0 | L60: HSP10_8_15 HSP10_8_15
A61: 01266_22_00530 | B61: COOLED SOLENOID VALVE TRACTION BATTERY | C61: Z1B | D61: Engine and Gearbox | E61: 04/04/2023 | F61: Applicable | G61: 9802244280 VIS % H EMB M6X100 L25 AC8 ZNIDA3L FP coef 2 | H61: 2 | I61: 0 | J61: - | K61: 0 | L61: HSP10_8_15
A62: 01266_22_00352 | B62: WATER PIPE INLET BRACKET ELECTRIC PUMP (BEV) | C62: Z9L | D62: Engine and Gearbox Adaptation | E62: 12/04/2023 | F62: Current Update | G62: 9802558580 VIS H EMB M8X125 L35 AC8 ZNIA3L FP coef 1 | H62: 1 | I62: 0 | J62: - | K62: 0 | L62: HSP13_20_15
A63: 01266_09_00147 | B63: ARMATURE BUMPER FRONT | C63: R1A | D63: Front Face and Hood | E63: 19/04/2023 | F63: Applicable | G63: 9802774480 VIS H RC18 M6X100 L25 AC8 ZLVMGL FP coef 4 | H63: 4 | I63: 0 | J63: - | K63: 0 | L63: HSP10_8_15
A64: DPTA_DMOV06_0100 | B64: FRAME TRIM HATCH | C64: R2D | D64: Lateral Face and Doors | E64: 26/04/2023 | F64: Applicable | G64: 9804583680 RIVET AVEUG G 4,8 L8,9 AC AIGUILLE coef 3 | H64: 3 | I64: 0 | J64: - | K64: 0 | L64: -
A65: 01266_22_00766 | B65: CHARGING PLUG (BEPR) | C65: Z9A | D65: Lateral Face and Doors | E65: 01/02/2023 | F65: Applicable | G65: 9809840080 VIS H RP18 M6X100 L20 AC8 ZLVFGL FP coef 4 | H65: 4 | I65: 0 | J65: - | K65: 0 | L65: HSP10_8_15
A66: 01266_22_00520 | B66: WATER OUTLET TIP | C66: A16 | D66: Engine and Gearbox | E66: 07/04/2023 | F66: Applicable | G66: 9822751380 VIS H EMB M6X100 L20 AC8 ZLVFGL FP coef 2 | H66: 2 | I66: 0 | J66: - | K66: 0 | L66: HSP10_8_15
A67: 01266_22_00531 | B67: HARNESS PROTECTOR ON E-PWT | C67: Z9A | D67: Engine and Gearbox | E67: 05/04/2023 | F67: Applicable | G67: 9822751380 VIS H EMB M6X100 L20 AC8 ZLVFGL FP coef 2 | H67: 2 | I67: 0 | J67: - | K67: 0 | L67: HSP10_8_15
A68: DPTA_DMOV06_0082 | B68: REAR ACCESS LOCK | C68: N2B | D68: Rear Face and Tailgate | E68: 24/06/2021 | F68: Update format to do | G68: 9824674580 SCREW RLX M6X100 L20 AC8 ZNIN3L FP coef 2 | H68: 2 | I68: 0 | J68: - | K68: 0 | L68: TX30_8_15
A69: DITV_ATAT07_0079 | B69: COMPLETE STEERING COLUMN | C69: E45 | D69: Dashboard and console | E69: 19/04/2023 | F69: Update format to do | G69: 9801970280 NUT H RCN M8X125 AC8 ZNIDA3L coef 2 9802186380 SCREW % H RC22 M8X125 L25 AC8 ZLVFGL FP coef 2 9841237880 SCREW % H EMB ENDUC LS M8x125 L40 AC10 ZLVMNL FP coef 1 | H69: 2 2 1 | I69: 0 0 0 | J69: - - - | K69: 0 0 0 | L69: HSP13_20_15 HSP13_20_15 HSP13_30_15
A70: 01266_22_00002 | B70: ASS RH PT MOUNT RT and LT | C70: D31 | D70: Engine and Gearbox | E70: 11/04/2023 | F70: Current Update | G70: 9844403680 VIS % H EMB RP30 E3 M12X175 L65 AC10 ZLVFGL FPCO coef 3 | H70: 3 | I70: 0 | J70: - | K70: 0 | L70: HSP18_120_10
A71: 01266_22_00359 | B71: REAR G/W SQUEEGEE ARM | C71: Z6E | D71: Rear Face and Tailgate | E71: 45415 | F71: Approved | G71: designation NUT KP H EMB M8X125 AC8 ZNIA3L coef 1 | H71: 1 | I71: 0 | J71: - | K71: 0 | L71: HSP13_12_15
A72: DITV_ATAT07_0258 | B72: FRT BRAKE FLEXIBLE | C72: F63 | D72: Liaison au sol | E72: 17/05/2022 | F72: Update format to do | G72: - - | H72: 0 0 | I72: BAIL coef 1 FRT BRAKE TUBE coef 1 | J72: - - | K72: 0 0 | L72: HSP11_40_15 HSP11_15_15
A73: DPTA_DMOV06_0014 | B73: HOOD STAY | C73: N2A | D73: Front Face and Hood | E73: 13/04/2023 | F73: Applicable | G73: - - | H73: 0 0 | I73: 0 0 | J73: 9680901977 AGR SUPP VAR 1T 8 TR coef 1 9671706480 AGR SUPP CD 1T 7 TROU FROM PLAS coef 1 | K73: coef 1 coef 1 | L73: - -
A74: 01266_11_00203 | B74: REAR MUDGUARD | C74: K4H | D74: Under Body | E74: 12/04/2023 | F74: Applicable | G74: - 9801024980 VIS RLX MTEND 4,5 L20 AC ZNIDN3L coef 5 9681595580 ECROU HX EMB BORGN 5X160 PLAS coef 2 | H74: 0 5 2 | I74: 0 0 0 | J74: 9830832080 CLIP MAIN DEMON Q8 D28 E3E4,5 METAL PLAS coef 4 - - | K74: coef 4 0 0 | L74: - TX20_2_15 TX20_2_15
A75: DPTA_DMOV06_0006 | B75: DOOR GLASS-LIFT MECHANISM | C75: N5A | D75: Lateral Face and Doors | E75: 15/03/2017 | F75: Applicable | G75: - - - | H75: 0 0 0 | I75: Banjo type coef 3 Delta type coef 3 Double rail coef 5 | J75: - - - | K75: 0 0 0 | L75: HSP10_8_15 HSP10_8_15 HSP10_8_15
A76: 01266_17_01389 | B76: FLEXIBLE FR BRAKE SUPPORT | C76: F63 | D76: Liaison au sol | E76: 27/04/2023 | F76: Applicable | G76: degraded solution 9802186380 SCREW % H RC22 M8X125 L25 AC8 ZLVFGL FP coef 1 | H76: 1 | I76: 0 | J76: - | K76: 0 | L76: HSP13_20_15
A77: DPTA_DMOV06_0081 | B77: DOOR FIXED GLAZING | C77: P1C | D77: Lateral Face and Doors | E77: 13/10/2017 | F77: Applicable | G77: DOOR WITH FRAME 9804583680 RIVET AVEUG G 4,8 L8,9 AC AIGUILLE coef 1 - | H77: 1 0 | I77: 0 DOOR WITHOUT FRAME coef 1 | J77: - - | K77: 0 0 | L77: - XE04_8_15
A78: 01266_22_00521 | B78: GASKET ANTI-PINCHING APERTURE TAILGATE | C78: W3A | D78: Rear Face and Tailgate | E78: 07/04/2023 | F78: Applicable | G78: If the last staple is far more than 50 mm from the end of the joint 9675380280 VIS RLX MTEND 4,5 L19 AC ZNIN3L coef 1 | H78: 1 | I78: 0 | J78: - | K78: 0 | L78: TX20_2_15
A79: DITV_ATAT07_0037 | B79: HOOD LATCH | C79: N2A | D79: Front Face and Hood | E79: 04/07/2023 | F79: Update format to do | G79: simple latch 9685216780 SCREW H RC18 M6X100 L30 AC10 ZLVMGL XE coef 2 double latch 9849004880 SCREW % H EMB RP20 M6X100 L60 AC10 ZLVFGL XE coef 4 | H79: 2 4 | I79: 0 0 | J79: - - | K79: 0 0 | L79: HSP10_8_15 HSP10_8_15
A80: DPTA_DMOV06_0016 | B80: DOOR CHECK STAY | C80: K7F/K7G | D80: Lateral Face and Doors | E80: 45406 | F80: Approved | G80: 7903233042 NUT KP H EMB M6X100 AC8 ZNIA3L coef 1 - 9678268380 SCREW CBX RCN M8X125 L30 AC10 ZNIDN3L FP coef 1 | H80: 1 - 1 | I80: - coef 1 - | J80: - - - | K80: - - - | L80: HSP10_10_15 HSP10_10_15 TX40_30_15
A81: DITV_ATAT07_0061 | B81: UPPER FRONT IMPACT ABSORPTION SYSTEM | C81: R1A | D81: Front Face and Hood | E81: 20/04/2023 | F81: Applicable | G81: STLA M 9823889980 SCREW H EMB RP30 M8X125 L30 AC10 ZLVFGL FP coef 8 CMP 9830872680 SCREW % H RC22 ENDUC M8X125 L25 AC8 FP coef 6 | H81: 8 6 | I81: 0 0 | J81: - - | K81: 0 0 | L81: HSP13_30_15 HSP13_20_15
A82: 01266_11_00202 | B82: FRONT MUDGUARD | C82: K3J | D82: Under Body | E82: 15/03/2023 | F82: Applicable | G82: STLA S / M' / M 9801024980 VIS RLX MTEND 4,5 L20 AC ZNIDN3L coef 3 - STLA M 9622267180 VIS K CBLX RPL MTEND 6 L25 AC ZNIDN3L coef 3 STLA M 9824674580 VIS RLX M6X100 L20 AC8 ZNIN3L FP coef 1 - | H82: 3 0 3 1 0 | I82: 0 0 0 0 0 | J82: - STLA S / M' 9830832080 CLIP MAIN DEMON Q8 D28 E3E4,5 METAL PLAS coef 7 or 8 - - STLA M only right 9648975680 RIVET DEMONT 8 D20 E2 E7,5 PLAS coef 1 | K82: 0 STLA S / M' coef 7 or 8 0 0 STLA M only right coef 1 | L82: TX20_2_15 - TX30_4_15 TX30_4_15 -
A83: 01266_22_00524 | B83: STIFFENER ROOF PANEL | C83: K6B | D83: Interior Trims | E83: 29/03/2023 | F83: Approved | G83: Target ADHESIVE* coef | H83: 0 | I83: 0 | J83: - | K83: 0 | L83: 0__
A84: 01266_23_00142 | B84: REAR ACCESS CLOSER SWITCH | C84: N2E | D84: Rear Face and Tailgate | E84: 29/08/2023 | F84: Applicable | G84: Target CLIPS coef | H84: 0 | I84: 0 | J84: - | K84: 0 | L84: 0__
A85: 01266_22_00758 | B85: REAR SOUND DEADENING WHEEL ARCH | C85: X3A | D85: Interior Trims | E85: 25/05/2023 | F85: Applicable | G85: Target NO FASTENER coef | H85: 0 | I85: 0 | J85: - | K85: 0 | L85: 0__
A86: 01266_22_00512 | B86: FRT RH AND RR MAT CARPET | C86: X2A | D86: Interior Trims | E86: 30/03/2023 | F86: Applicable | G86: Target PAS DE FIXATION / NO FIXATION coef | H86: 0 | I86: 0 | J86: - | K86: 0 | L86: 0__
A87: 01266_23_00188 | B87: SEALING CLAMP COOLING PLATE TRACTION BATERY | C87: Z1B | D87: Battery under body | E87: 13/04/2023 | F87: Applicable | G87: Target SCREW H RC18 M6X100 L25 AC8 ZLVMGL FP coef | H87: 0 | I87: 0 | J87: - | K87: 0 | L87: HSP10__
A88: 01266_23_00191 | B88: INTERNAL HARNESS BAT LOCK | C88: Z1A | D88: NEW | E88: 11/04/2023 | F88: Applicable | G88: Target SCREW KP RLX M6X100 L25 AC8 ZNIN3L CY coef | H88: 0 | I88: 0 | J88: - | K88: 0 | L88: TX30__
A89: 01266_23_00141 | B89: MOTORIZED REAR TAILGATE ELEC CASE | C89: N2B | D89: Rear Face and Tailgate | E89: 45181 | F89: Approved | G89: Target SCREW RLX M6X100 L20 AC8 ZNIN3L FP coef | H89: 0 | I89: 0 | J89: - | K89: 0 | L89: TX30_4_15
A90: 01266_10_00735 | B90: MULTIFONCTION ASSISTANCE CLOSING MODULE | C90: N2E | D90: Rear Face and Tailgate | E90: 18/08/2023 | F90: Applicable | G90: Target STEEL RIVET coef | H90: 0 | I90: 0 | J90: - | K90: 0 | L90: -
A91: 01266_23_00192 | B91: AIR DUCT DEMISTER WINDSCREEN | C91: V3A | D91: NEW | E91: 28/07/2023 | F91: Applicable | G91: TARGET 9621385880 RIVET DEMONT 6,5 D22 E3,8 E6 PLAS coef 2 | H91: 2 | I91: 0 | J91: - | K91: 0 | L91: -
A92: 01266_22_00764 | B92: WATER CONNECTOR INLET / OUTLET | C92: Z1B | D92: Battery under body | E92: 45343 | F92: Approved | G92: Target 9822751380 SCREW H EMB M6X100 L20 AC8 ZLVFGL FP coef 4 | H92: 4 | I92: 0 | J92: - | K92: 0 | L92: HSP10_8_15
A93: 01266_11_02185 | B93: LOWER FRONT IMPACT ABSORPTION SYSTEM | C93: R1A | D93: Front Face and Hood | E93: 20/04/2023 | F93: Applicable | G93: TARGET STLA 9809840080 SCREW H RP18 M6X100 L20 AC8 ZLVFGL FP coef 6 EMP2 9802774480 SCREW H RC18 M6X100 L25 AC8 ZLVMGL FP coef 6 CMP 9822798080 SCREW H EMB M8X125 L20 AC8 ZNIA3L FP coef 6 | H93: 6 6 6 | I93: 0 0 0 | J93: - - - | K93: 0 0 0 | L93: HSP10_8_15 HSP10_8_15 HSP10_8_15
A94: 01266_09_00155 | B94: DASHBOARD TRIM EMBELLISHMENTS | D94: Dashboard and console
A95: 01266_10_00199 | D95: Harness and ECUs
A96: 01266_10_00645 | B96: SEAT SUPPORT RAIL CENTAL (SEATS ROW 3) | D96: Seats and safety belts
A97: 01266_10_00732 | B97: BPGA - SUPPLY MANAGEMENT PROTECTION UNIT | D97: Harness and ECUs
A98: 01266_10_01499 | B98: CATALYTIC NITROGEN OXIDE REDUCTION | D98: Engine and Gearbox Adaptation
A99: 01266_10_01610 | B99: PILOT AIR INPUT MODULE | D99: Front Face and Hood
A100: 01266_11_01943 | B100: REAR DOOR AIRBAG | D100: Lateral Face and Doors
...

Sheet Base PFR table
A1: REF part | B1: designation | C1: Consommation | D1: Coef | E1: LOT | F1: DEC | G1: EN Designation | H1: Type vissage | I1: Torque | J1: Tolerance torque | K1: Ref apoqua | L1: apoqua link | M1: Statut | N1: CX_generique | O1: message | P1: type part
A2: 9809840080 | B2: SCREW H RP18 M6X100 L20 AC8 ZLVFGL FP | C2: BDL | D2: 1 | E2: INT | F2: X5E | G2: FRONT/REAR LASHING EYES | H2: VNB | I2: 8 | J2: 15 | K2: 01266_22_00523 | L2: http://docinfogroupe.inetpsa.com/ead/doc/ref.01266_22_00523/v.vc/fiche | M2: Update format to do | O2: Apoqua reference | P2: Fitted part
A3: 7903042051 | B3: NUT K H SOUD M6X100 AC8 | C3: FER | D3: 1 | E3: INT | F3: X5E | G3: FRONT/REAR LASHING EYES | H3: VNB | I3: 8 | J3: 15 | K3: 01266_22_00523 | L3: http://docinfogroupe.inetpsa.com/ead/doc/ref.01266_22_00523/v.vc/fiche | M3: Update format to do | O3: Apoqua reference | P3: Receiving part
A4: 7903233042 | B4: NUT KP H EMB M6X100 AC8 ZNIA3L | C4: BDL | D4: 2 | E4: HYD | F4: G76 | G4: RR BODY HEIGHT SENSOR | H4: VNB | I4: 8 | J4: 15 | K4: 01266_13_00605 | L4: http://docinfogroupe.inetpsa.com/ead/doc/ref.01266_13_00605/v.vc/fiche | M4: Update format to do | N4: CX-00057207 | O4: Apoqua reference | P4: Fitted part
A5: 9818361480 | B5: STUD CL SOUD M6X100 L22 AC8 ZS5 FP | C5: FER | D5: 2 | E5: HYD | F5: G76 | G5: RR BODY HEIGHT SENSOR | H5: VNB | I5: 8 | J5: 15 | K5: 01266_13_00605 | L5: http://docinfogroupe.inetpsa.com/ead/doc/ref.01266_13_00605/v.vc/fiche | M5: Update format to do | N5: CX-00057207 | O5: Apoqua reference | P5: Receiving part
A6: 9677602580 | B6: SCREW % CBLX M10X150 L30 AC10 FP | C6: BDL | D6: 4 | E6: ASS | F6: Y1A | G6: RANK 1 SEAT | H6: VSC | I6: 30 | J6: 15 | K6: 01266_10_00643 | L6: http://docinfogroupe.inetpsa.com/ead/doc/ref.01266_10_00643/v.vc/fiche | M6: Update format to do | N6: CX-00018359 | O6: Apoqua reference | P6: Fitted part
A7: 9674743180 | B7: NUT % C SOUD M10X150 AC C10 | C7: FER | D7: 4 | E7: ASS | F7: Y1A | G7: RANK 1 SEAT | K7: 01266_10_00643 | L7: http://docinfogroupe.inetpsa.com/ead/doc/ref.01266_10_00643/v.vc/fiche | M7: Update format to do | N7: CX-00018359 | O7: Apoqua reference | P7: Receiving part
A8: 9822751380 | B8: SCREW H EMB M6X100 L20 AC8 ZLVFGL FP | C8: BDL | D8: 1 | E8: HYD | F8: G76 | G8: FRT height sensor | H8: VNB | I8: 8 | J8: 15 | K8: 01266_10_00744 | L8: http://docinfogroupe.inetpsa.com/ead/doc/ref.01266_10_00744/v.vc/fiche | M8: Update format to do | N8: CX-00071884 | O8: Apoqua reference | P8: Fitted part
A9: 7903233042 | B9: NUT KP H EMB M6X100 AC8 ZNIA3L | C9: BDL | D9: 2 | E9: EXT | F9: N2A | G9: HOOK SAFETY HOOD | H9: VSB | I9: 8 | J9: 15 | K9: 01266_10_01548 | L9: http://docinfogroupe.inetpsa.com/ead/doc/ref.01266_10_01548/v.vc/fiche | M9: Update format to do | N9: CX-00068446 | O9: Apoqua reference | P9: Fitted part
A10: 9839184780 | B10: SCREW % CL SOUD ANN M6X100 L20 AC8 FP | C10: FER | D10: 2 | E10: EXT | F10: N2A | G10: HOOK SAFETY HOOD | H10: VSB | I10: 8 | J10: 15 | K10: 01266_10_01548 | L10: http://docinfogroupe.inetpsa.com/ead/doc/ref.01266_10_01548/v.vc/fiche | M10: Update format to do | N10: CX-00068446 | O10: Apoqua reference | P10: Receiving part
A11: 9841237880 | B11: SCREW % H EMB ENDUC LS M8x125 L40 AC10 ZLVMNL | C11: BDL | D11: 1 | E11: DIR | F11: E45 | G11: STEERING COLUMN COMPLETE | H11: VSB | I11: 30 | J11: 15 | K11: DITV_ATAT07_0018 | L11: http://docinfogroupe.inetpsa.com/ead/doc/ref.DITV_ATAT07_0018/v.vc/fiche | M11: Update format to do | N11: CX-00021367 | O11: Apoqua reference | P11: Fitted part
A12: 9678660980 | B12: SCREW % FX M8X125 L25 AC8 ZNIDA3L FP | C12: BDL | D12: 2 | E12: OUV | F12: N1E | G12: DOOR STRICKER | H12: VSB | I12: 20 | J12: 15 | K12: DITV_ATAT07_0090 | L12: http://docinfogroupe.inetpsa.com/ead/doc/ref.DITV_ATAT07_0090/v.vc/fiche | M12: Approved | N12: CX-00010571 | O12: Apoqua reference | P12: Fitted part
A13: 7903301290 | B13: SCREW H RCL M6X100 L25 AC8 DACA NOIR CY | C13: BDL | D13: 2 | E13: OUV | F13: N2B | G13: REAR OPENING STRIKER | H13: VNB | I13: 8 | J13: 15 | K13: DPTA_DMOV06_0145 | L13: http://docinfogroupe.inetpsa.com/ead/doc/ref.DPTA_DMOV06_0145/v.vc/fiche | M13: Update format to do | N13: CX-00026604 | O13: Apoqua reference | P13: Fitted part
A14: 9685216780 | B14: SCREW H RC18 M6X100 L30 AC10 ZLVMGL XE | C14: BDL | D14: 2 | E14: OUV | F14: N2B | G14: REAR OPENING STRIKER | H14: VNB | I14: 8 | J14: 15 | K14: DPTA_DMOV06_0145 | L14: http://docinfogroupe.inetpsa.com/ead/doc/ref.DPTA_DMOV06_0145/v.vc/fiche | M14: Update format to do | N14: CX-00014591 | O14: Apoqua reference | P14: Fitted part
A15: 7903042051 | B15: NUT K H SOUD M6X100 AC8 | C15: FER | D15: 2 | E15: OUV | F15: N2B | G15: REAR OPENING STRIKER | K15: DPTA_DMOV06_0145 | L15: http://docinfogroupe.inetpsa.com/ead/doc/ref.DPTA_DMOV06_0145/v.vc/fiche | M15: Update format to do | N15: CX-00026604 | O15: Apoqua reference | P15: Receiving part
A16: 9634473380 | B16: NUT K CSC SERT M6X100 AC8 E0,8 E2 | C16: FER | D16: 2 | E16: OUV | F16: N2B | G16: REAR OPENING STRIKER | K16: DPTA_DMOV06_0145 | L16: http://docinfogroupe.inetpsa.com/ead/doc/ref.DPTA_DMOV06_0145/v.vc/fiche | M16: Update format to do | N16: CX-00026604 | O16: Apoqua reference | P16: Receiving part
A17: 7903042051 | B17: NUT K H SOUD M6X100 AC8 | C17: FER | D17: 2 | E17: OUV | F17: N2B | G17: REAR OPENING STRIKER | K17: DPTA_DMOV06_0145 | L17: http://docinfogroupe.inetpsa.com/ead/doc/ref.DPTA_DMOV06_0145/v.vc/fiche | M17: Update format to do | N17: CX-00014591 | O17: Apoqua reference | P17: Receiving part
A18: 9634473380 | B18: NUT K CSC SERT M6X100 AC8 E0,8 E2 | C18: FER | D18: 2 | E18: OUV | F18: N2B | G18: REAR OPENING STRIKER | K18: DPTA_DMOV06_0145 | L18: http://docinfogroupe.inetpsa.com/ead/doc/ref.DPTA_DMOV06_0145/v.vc/fiche | M18: Update format to do | N18: CX-00014591 | O18: Apoqua reference | P18: Receiving part
A19: 9685216780 | B19: SCREW H RC18 M6X100 L30 AC10 ZLVMGL XE | C19: BDL | D19: 2 | E19: EXT | F19: N2A | G19: HOOD LATCH | H19: VSB | I19: 8 | J19: 15 | K19: DITV_ATAT07_0037 | L19: http://docinfogroupe.inetpsa.com/ead/doc/ref.DITV_ATAT07_0037/v.vc/fiche | M19: Update format to do | N19: CX-00007792 | O19: Apoqua reference | P19: Fitted part
A20: 9849004880 | B20: SCREW % H EMB RP20 M6X100 L60 AC10 ZLVFGL | C20: BDL | D20: 4 | E20: EXT | F20: N2A | G20: HOOD LATCH | H20: VSB | I20: 8 | J20: 15 | K20: DITV_ATAT07_0037 | L20: http://docinfogroupe.inetpsa.com/ead/doc/ref.DITV_ATAT07_0037/v.vc/fiche | M20: Update format to do | N20: CX-00007792 | O20: Apoqua reference | P20: Fitted part
A21: 9675768080 | B21: SCREW CBLX M6X100 L15 AC08 ZNIN3L FP | C21: BDL | D21: 3 | E21: OUV | F21: N1E | G21: DOOR LATCH | H21: VSB | I21: 8 | J21: 15 | K21: DPTA_DMOV06_0013 | L21: http://docinfogroupe.inetpsa.com/ead/doc/ref.DPTA_DMOV06_0013/v.vc/fiche | M21: Update format to do | N21: CX-00007821 | O21: Apoqua reference | P21: Fitted part
A22: 9824674580 | B22: SCREW RLX M6X100 L20 AC8 ZNIN3L FP | C22: BDL | D22: 2 | E22: OUV | F22: N2B | G22: REAR ACCESS LOCK | H22: VNB | I22: 8 | J22: 15 | K22: DPTA_DMOV06_0082 | L22: http://docinfogroupe.inetpsa.com/ead/doc/ref.DPTA_DMOV06_0082/v.vc/fiche | M22: Update format to do | N22: CX-00074606 | O22: Apoqua reference | P22: Fitted part
A23: 9684437480 | B23: SCREW XE EMB TARAUD CASS M6X100 L12 AC9 | C23: BDL | D23: 1 | E23: EEH | F23: N4A | G23: STEERING ANTITHEFT | H23: VNC | I23: 20 | J23: 15 | K23: DITV_ATAT07_0053 | L23: http://docinfogroupe.inetpsa.com/ead/doc/ref.DITV_ATAT07_0053/v.vc/fiche | M23: Update format to do | N23: CX-00026638 | O23: Apoqua reference | P23: Fitted part
A24: 9684437480 | B24: SCREW XE EMB TARAUD CASS M6X100 L12 AC9 | C24: BDL | D24: 1 | E24: EEH | F24: N4A | G24: STEERING ANTITHEFT | K24: DITV_ATAT07_0053 | L24: http://docinfogroupe.inetpsa.com/ead/doc/ref.DITV_ATAT07_0053/v.vc/fiche | M24: Update format to do | N24: CX-00026638 | O24: Apoqua reference | P24: Fitted part
A25: 7903233042 | B25: NUT KP H EMB M6X100 AC8 ZNIA3L | C25: BDL | D25: 1 | E25: OUV | F25: K7F/K7G | G25: DOOR CHECK STAY | H25: VNC | I25: 10 | J25: 15 | K25: DPTA_DMOV06_0016 | L25: http://docinfogroupe.inetpsa.com/ead/doc/ref.DPTA_DMOV06_0016/v.vc/fiche | M25: Approved | N25: CX-00010380 | O25: Apoqua reference | P25: Fitted part
A26: 9678268380 | B26: SCREW CBX RCN M8X125 L30 AC10 ZNIDN3L FP | C26: BDL | D26: 1 | E26: OUV | F26: K7F/K7G | G26: DOOR CHECK STAY | H26: VNB | I26: 30 | J26: 15 | K26: DPTA_DMOV06_0016 | L26: http://docinfogroupe.inetpsa.com/ead/doc/ref.DPTA_DMOV06_0016/v.vc/fiche | M26: Approved | N26: CX-00007681 | O26: Apoqua reference | P26: Fitted part
A27: 9682642180 | B27: NUT C SOUD M8X125 AC C10 NRVT | C27: FER | D27: 1 | E27: OUV | F27: K7F/K7G | G27: DOOR CHECK STAY | K27: DPTA_DMOV06_0016 | L27: http://docinfogroupe.inetpsa.com/ead/doc/ref.DPTA_DMOV06_0016/v.vc/fiche | M27: Approved | N27: CX-00007681 | O27: Apoqua reference | P27: Receiving part
A28: 9684033880 | B28: NUT % H EMB FREIN M14X150 AC8 ZNIA3L | C28: BDL | D28: 1 | E28: LAS | F28: E14 | G28: FRONT SHOCK ABSORBER ELEMENTS | H28: VSC | I28: 100 | J28: 10 | K28: 01266_11_00285 | L28: http://docinfogroupe.inetpsa.com/ead/doc/ref.01266_11_00285/v.vc/fiche | M28: Approved | N28: CX-00019660 | O28: Apoqua reference | P28: Fitted part
A29: 9628107680 | B29: SCREW RLX M8X125 L26 AC10 ZLVMGL CC | C29: BDL | D29: 1 | E29: OUV | F29: K7F/K7G | G29: DOOR HINGE - BODY PLANT | H29: VSB | I29: 30 | J29: 15 | K29: 01266_11_00413 | L29: http://docinfogroupe.inetpsa.com/ead/doc/ref.01266_11_00413/v.vc/fiche | M29: Update format to do | N29: CX-00026265 | O29: Apoqua reference | P29: Fitted part
A30: 9674550680 | B30: SCREW % H RC22 M8X125 L30 AC10 ZLVMGL FP | C30: BDL | D30: 2 | E30: OUV | F30: K7F/K7G | G30: DOOR HINGE - BODY PLANT | H30: VSC | I30: 32 | J30: 15 | K30: 01266_11_00413 | L30: http://docinfogroupe.inetpsa.com/ead/doc/ref.01266_11_00413/v.vc/fiche | M30: Update format to do | N30: CX-00033503 | O30: Apoqua reference | P30: Fitted part
A31: 9674550680 | B31: SCREW % H RC22 M8X125 L30 AC10 ZLVMGL FP | C31: BDL | D31: 4 | E31: PDC | F31: S1A | G31: DASHBOARD ON BODY | H31: VCB | I31: 20 | J31: 15 | K31: 01266_10_00632 | L31: http://docinfogroupe.inetpsa.com/ead/doc/ref.01266_10_00632/v.vc/fiche | M31: Approved | N31: CX-00007731 | O31: Apoqua reference | P31: Fitted part
A32: 9674550080 | B32: SCREW H RCL M8X125 L45 AC8 ZLVMGL FP | C32: BDL | D32: 1 | E32: PDC | F32: S1A | G32: DASHBOARD ON BODY | H32: VNB | I32: 20 | J32: 15 | K32: 01266_10_00632 | L32: http://docinfogroupe.inetpsa.com/ead/doc/ref.01266_10_00632/v.vc/fiche | M32: Approved | N32: CX-00016403 | O32: Apoqua reference | P32: Fitted part
A33: 7903042052 | B33: NUT K H SOUD M8X125 AC8 | C33: FER | D33: 4 | E33: PDC | F33: S1A | G33: DASHBOARD ON BODY | K33: 01266_10_00632 | L33: http://docinfogroupe.inetpsa.com/ead/doc/ref.01266_10_00632/v.vc/fiche | M33: Approved | N33: CX-00007731 | O33: Apoqua reference | P33: Receiving part
A34: 7903233029 | B34: NUT K H EMB NETT M6X100 AC8 ZNIA3L | C34: BDL | D34: 1 | E34: EEH | F34: U4A | G34: CRASH DETECTION SENSOR | H34: VSB | I34: 8 | J34: 15 | K34: DPTA_DMOV06_0075 | L34: http://docinfogroupe.inetpsa.com/ead/doc/ref.DPTA_DMOV06_0075/v.vc/fiche | M34: Update format to do | N34: CX-00010417 | O34: Apoqua reference | P34: Fitted part
A35: 7903011385 | B35: SCREW K CL SOUD ANN M6X100 L25 AC8 CY | C35: FER | D35: 1 | E35: EEH | F35: U4A | G35: CRASH DETECTION SENSOR | K35: DPTA_DMOV06_0075 | L35: http://docinfogroupe.inetpsa.com/ead/doc/ref.DPTA_DMOV06_0075/v.vc/fiche | M35: Update format to do | N35: CX-00010417 | O35: Apoqua reference | P35: Fitted part
A36: 7903233042 | B36: NUT KP H EMB M6X100 AC8 ZNIA3L | C36: BDL | D36: 4 TO 6 | E36: EXT | F36: R3F | G36: REGISTRATION PLATE FINISHER | H36: VNB | I36: 4 | J36: 15 | K36: 01266_09_00156 | L36: http://docinfogroupe.inetpsa.com/ead/doc/ref.01266_09_00156/v.vc/fiche | M36: Update format to do | N36: CX-00026339 | O36: Apoqua reference | P36: Fitted part
A37: 7903233043 | B37: NUT KP H EMB M8X125 AC8 ZNIA3L | C37: BDL | D37: 1 | E37: OUV | F37: Z6E | G37: REAR G/W SQUEEGEE ARM | H37: VNC | I37: 12 | J37: 15 | K37: 01266_22_00359 | L37: http://docinfogroupe.inetpsa.com/ead/doc/ref.01266_22_00359/v.vc/fiche | M37: Update format to do | N37: CX-00010399 | O37: Apoqua reference | P37: Fitted part
A38: 7903233039 | B38: NUT K H RCN M10X150 AC8 ZNIDN3L 4N | C38: BDL | D38: 1 PER WIPER | E38: OUV | F38: Z6E | G38: FRONT ARM WIPER BLADE GLASS WIPE | H38: VSC | I38: 25 | J38: 15 | K38: 01266_23_00189 | L38: http://docinfogroupe.inetpsa.com/ead/doc/ref.01266_23_00189/v.vc/fiche | M38: Update format to do | N38: CX-00010398 | O38: Apoqua reference | P38: Fitted part
A39: 9678268380 | B39: SCREW CBX RCN M8X125 L30 AC10 ZNIDN3L FP | C39: BDL | D39: 2 | E39: OUV | F39: N2B | G39: RR FLAP STABILIZER BALL | H39: VNB | I39: 20 | J39: 15 | K39: DPTA_DMOV05_0966 | L39: http://docinfogroupe.inetpsa.com/ead/doc/ref.DPTA_DMOV05_0966/v.vc/fiche | M39: Update format to do | N39: CX-00015548 | O39: Apoqua reference | P39: Fitted part
A40: 9605782980 | B40: AXE K VIS RCL SPH10 L15 M8X125 L15 AC | C40: BDL | D40: 2 | E40: OUV | F40: N2B | G40: RR FLAP STABILIZER BALL | H40: VNB | I40: 20 | J40: 15 | K40: DPTA_DMOV05_0966 | L40: http://docinfogroupe.inetpsa.com/ead/doc/ref.DPTA_DMOV05_0966/v.vc/fiche | M40: Update format to do | N40: CX-00058491 | O40: Apoqua reference | P40: Fitted part
A41: 7903042052 | B41: NUT K H SOUD M8X125 AC8 | C41: FER | D41: 2 | E41: OUV | F41: N2B | G41: RR FLAP STABILIZER BALL | K41: DPTA_DMOV05_0966 | L41: http://docinfogroupe.inetpsa.com/ead/doc/ref.DPTA_DMOV05_0966/v.vc/fiche | N41: CX-00015548 | O41: Apoqua reference | P41: Fitted part
A42: 7903042052 | B42: NUT K H SOUD M8X125 AC8 | C42: FER | D42: 2 | E42: OUV | F42: N2B | G42: RR FLAP STABILIZER BALL | K42: DPTA_DMOV05_0966 | L42: http://docinfogroupe.inetpsa.com/ead/doc/ref.DPTA_DMOV05_0966/v.vc/fiche | N42: CX-00058491 | O42: Apoqua reference | P42: Fitted part
A43: 9684717580 | B43: SCREW % H EMB TARAUC M6X100 L22 AC ZNIDA3L | C43: BDL | D43: 1 | E43: EEH | F43: Z7B | G43: ADAPTATOR RADIO AERIAL FM1-FM2-DAB | H43: VNC | I43: 10 | J43: 15 | K43: 01266_13_00289 | L43: http://docinfogroupe.inetpsa.com/ead/doc/ref.01266_13_00289/v.vc/fiche | M43: Update format to do | N43: CX-00031138 | O43: Apoqua reference | P43: Fitted part
A44: 9686685480 | B44: SCREW H RPN M6X100 L25 AC8 ZLVMGL OF | C44: BDL | D44: 1 | E44: EEH | F44: Z7B | G44: ADAPTATOR RADIO AERIAL FM1-FM2-DAB | H44: VNB | I44: 8 | J44: 15 | K44: 01266_13_00289 | L44: http://docinfogroupe.inetpsa.com/ead/doc/ref.01266_13_00289/v.vc/fiche | M44: Update format to do | N44: CX-00016921 | O44: Apoqua reference | P44: Fitted part
A45: 7903042062 | B45: NUT K Q SOUD 5,5 AC6 | C45: FER | D45: 1 | E45: EEH | F45: Z7B | G45: ADAPTATOR RADIO AERIAL FM1-FM2-DAB | K45: 01266_13_00289 | L45: http://docinfogroupe.inetpsa.com/ead/doc/ref.01266_13_00289/v.vc/fiche | M45: Update format to do | N45: CX-00031138 | O45: Apoqua reference | P45: Receiving part
A46: 7903043003 | B46: NUT K C SERT M6X100 AC ZNIA3L E0,5 E3 | C46: BDL | D46: 1 | E46: EEH | F46: Z7B | G46: ADAPTATOR RADIO AERIAL FM1-FM2-DAB | K46: 01266_13_00289 | L46: http://docinfogroupe.inetpsa.com/ead/doc/ref.01266_13_00289/v.vc/fiche | M46: Update format to do | N46: CX-00016921 | O46: Apoqua reference | P46: Receiving part
A47: 9671588080 | B47: NUT H RPL NETT M6X100 AC8 ZNIA3L | C47: BDL | D47: 1 | E47: EXT | F47: Z2F | G47: REAR TAIL LIGHTS | H47: VNB | I47: 4 | J47: 15 | K47: 01266_16_00110 | L47: http://docinfogroupe.inetpsa.com/ead/doc/ref.01266_16_00110/v.vc/fiche | M47: Update format to do | N47: CX-00056933 | O47: Apoqua reference | P47: Fitted part
A48: 9801970280 | B48: NUT H RCN M8X125 AC8 ZNIDA3L 8N | C48: BDL | D48: 2 | E48: DIR | F48: E45 | G48: STEERING COLUMN COMPLETE (UPPER ZONE) | H48: VSB | I48: 20 | J48: 15 | K48: 01266_15_00670 | L48: http://docinfogroupe.inetpsa.com/ead/doc/ref.01266_15_00670/v.vc/fiche | M48: Approved | N48: CX-00020838 | O48: Apoqua reference | P48: Fitted part
A49: 9802186380 | B49: APOQUA designation (Français) | C49: BDL | D49: 2 | E49: DIR | F49: E45 | G49: STEERING COLUMN COMPLETE (UPPER ZONE) | H49: VSB | I49: 20 | J49: 15 | K49: 01266_15_00670 | L49: http://docinfogroupe.inetpsa.com/ead/doc/ref.01266_15_00670/v.vc/fiche | M49: Approved | N49: CX-00020838 | O49: Apoqua reference | P49: Fitted part
A50: 9800220780 | B50: SCREW % CX RCL ENDUC LS M12X150 L40 AC10 | C50: BDL | D50: 2 | E50: FRN | F50: F21 | G50: FRT/RR BRAKE CALIPER | H50: VSC | I50: 100 | J50: 10 | K50: 01266_19_00213 | L50: http://docinfogroupe.inetpsa.com/ead/doc/ref.01266_19_00213/v.vc/fiche | M50: Update format to do | N50: CX-00061003 | O50: Apoqua reference | P50: Fitted part
A51: 9804740880 | B51: SCREW % H EMB ENDUC LS M12X150 L30 AC10 | C51: BDL | D51: 2 | E51: FRN | F51: F21 | G51: FRT/RR BRAKE CALIPER | H51: VSC | I51: 100 | J51: 10 | K51: 01266_19_00213 | L51: http://docinfogroupe.inetpsa.com/ead/doc/ref.01266_19_00213/v.vc/fiche | M51: Update format to do | N51: CX-00067431 | O51: Apoqua reference | P51: Fitted part
A52: 9853111280 | B52: SCREW % HRX EMB RP24 M12X175 L84 AC10 ZLVF | C52: BDL | D52: 2 | E52: ATR | F52: D31 | G52: LWR RH EPWT FRT ANTI TORQUE BRACKET | H52: VSC | I52: 90 | J52: 10 | K52: 01266_22_00003 | L52: http://docinfogroupe.inetpsa.com/ead/doc/ref.01266_22_00003/v.vc/fiche | M52: Update format to do | N52: CX-00070395 | O52: Apoqua reference | P52: Fitted part
A53: 9833142280 | B53: SCREW % HR EMB M12X125 L70 AC10 FP | C53: BDL | D53: 2 | E53: LAS | F53: E15 | G53: FRT ANTIROLL BAR | H53: VSC | I53: 80 | J53: 10 | K53: DITV_ATAT07_0265 | L53: http://docinfogroupe.inetpsa.com/ead/doc/ref.DITV_ATAT07_0265/v.vc/fiche | M53: Update format to do | N53: CX-00068688 | O53: Apoqua reference | P53: Fitted
A54: 06513962AA 06513904AA | C54: BDL | D54: 2 | E54: LAS | F54: E15 | G54: FRT ANTIROLL BAR | H54: VSC | I54: 60 | J54: 10 | K54: DITV_ATAT07_0265 | L54: http://docinfogroupe.inetpsa.com/ead/doc/ref.DITV_ATAT07_0265/v.vc/fiche | M54: Update format to do | O54: Apoqua reference | P54: Fitted
A55: 06102058AA 06513902AA | C55: BDL | D55: 2 | E55: LAS | F55: E15 | G55: FRT ANTIROLL BAR | H55: VSC | I55: 120 | J55: 10 | K55: DITV_ATAT07_0265 | L55: http://docinfogroupe.inetpsa.com/ead/doc/ref.DITV_ATAT07_0265/v.vc/fiche | M55: Update format to do | O55: Apoqua reference | P55: Receiving
A56: 9861538780 | B56: SCREW H EMB M10X150 L90 AC10 ZLVFGL FP | C56: BDL | D56: 2 | E56: LAS | F56: E15 | G56: FRT ANTIROLL BAR | H56: VSC | I56: 60 | J56: 10 | K56: DITV_ATAT07_0265 | L56: http://docinfogroupe.inetpsa.com/ead/doc/ref.DITV_ATAT07_0265/v.vc/fiche | M56: Update format to do | N56: CX-00068688 | O56: Apoqua reference | P56: Fitted
A57: 9648066780 | B57: NUT K H EMB FREIN M M16X150 AC10 FF | C57: BDL | D57: 2 | E57: LAS | F57: E14 | G57: FRONT BEARING PARTS | H57: VSA | I57: 110 | J57: 10 A90 F0 111 | K57: DITV_ATAT07_0266 | L57: http://docinfogroupe.inetpsa.com/ead/doc/ref.DITV_ATAT07_0266/v.vc/fiche | M57: Update format to do | N57: CX-00041051 | O57: Apoqua reference | P57: Fitted part
A58: 9806295280 | B58: SCREW % XE EMB EPAUL M16X150 L85 AC10 CY | C58: BDL | D58: 2 | E58: LAS | F58: E14 | G58: FRONT BEARING PARTS | K58: DITV_ATAT07_0266 | L58: http://docinfogroupe.inetpsa.com/ead/doc/ref.DITV_ATAT07_0266/v.vc/fiche | M58: Update format to do | N58: CX-00041051 | O58: Apoqua reference | P58: Fitted part
A59: 9826549380 | B59: NUT % H EMB M12X150 AC12 ZLVFGL FF | C59: BDL | D59: 2 | E59: LAS | F59: E14 | G59: FRONT BEARING PARTS | H59: VSA | I59: 80 | J59: 10 A90 F0 67 | K59: DITV_ATAT07_0266 | L59: http://docinfogroupe.inetpsa.com/ead/doc/ref.DITV_ATAT07_0266/v.vc/fiche | M59: Update format to do | N59: CX-00019581 | O59: Apoqua reference | P59: Fitted part
A60: 9829394880 | B60: SCREW AXE % XE EMB M12X150 L72 AC ZLVFGL | C60: BDL | D60: 2 | E60: LAS | F60: E14 | G60: FRONT BEARING PARTS | K60: DITV_ATAT07_0266 | L60: http://docinfogroupe.inetpsa.com/ead/doc/ref.DITV_ATAT07_0266/v.vc/fiche | M60: Update format to do | N60: CX-00019581 | O60: Apoqua reference | P60: Fitted part
A61: 9673485380 | B61: NUT % H EMB RTS FREIN NM M14X150 AC10 | C61: BDL | D61: 2 | E61: LAS | F61: E14 | G61: FRONT BEARING PARTS | H61: VSA | I61: 110 | J61: 10 A90 F0 90 | K61: DITV_ATAT07_0266 | L61: http://docinfogroupe.inetpsa.com/ead/doc/ref.DITV_ATAT07_0266/v.vc/fiche | M61: Update format to do | O61: Apoqua reference | P61: Fitted part
A62: 9800751780 | B62: SCREW % AXE XE EMB M14X150 L84 XE AC10 | C62: BDL | D62: 2 | E62: LAS | F62: E14 | G62: FRONT BEARING PARTS | K62: DITV_ATAT07_0266 | L62: http://docinfogroupe.inetpsa.com/ead/doc/ref.DITV_ATAT07_0266/v.vc/fiche | M62: Update format to do | O62: Apoqua reference | P62: Fitted part
A63: 9817224280 | B63: NUT % H EMB FREIN NM M10X125 AC10 ZNIA3L | C63: BDL | D63: 2 | E63: LAS | F63: E15 | G63: FRONT ANTI-ROLL BAR ROD | H63: VSB | I63: 60 | J63: 10 | K63: DITV_ATAT07_0267 | L63: http://docinfogroupe.inetpsa.com/ead/doc/ref.DITV_ATAT07_0267/v.vc/fiche | M63: Update format to do | N63: CX-00015406 | O63: Apoqua reference | P63: Fitted part
A64: 9822750180 | B64: SCREW H EMB M6X100 L16 AC8 ZLVFGL FP | C64: BDL | D64: 3 or 4 | E64: FRN | F64: F21 | G64: SHIELD DISC BRAKE FRT | H64: VNB | I64: 8 | J64: 15 | K64: DITV_ATAT07_0289 | L64: http://docinfogroupe.inetpsa.com/ead/doc/ref.DITV_ATAT07_0289/v.vc/fiche | M64: Update format to do | N64: CX-00020958 | O64: Apoqua reference | P64: Fitted part
A65: 9822750180 | B65: SCREW H EMB M6X100 L16 AC8 ZLVFGL FP | C65: BDL | D65: 1 | E65: FRN | F65: F21 | G65: SHIELD DISC BRAKE FRT | H65: VNB | I65: 8 | J65: 15 | K65: DITV_ATAT07_0289 | L65: http://docinfogroupe.inetpsa.com/ead/doc/ref.DITV_ATAT07_0289/v.vc/fiche | M65: Update format to do | N65: CX-00074236 | O65: Apoqua reference | P65: Fitted part
A66: 7903602377 | B66: SCREW HR EMB M12X175 L60 AC10 ZNIDA3L CC | C66: BDL | D66: 2 | E66: ATR | F66: D11 | G66: ELECTRIC PT IMPACTOR | H66: VSB | I66: 60 | J66: 15 | K66: 01266_20_00215 | L66: http://docinfogroupe.inetpsa.com/ead/doc/ref.01266_20_00215/v.vc/fiche | M66: Update format to do | N66: CX-00042387 | O66: Apoqua reference | P66: Fitted part
A67: 9801970280 | B67: NUT H RCN M8X125 AC8 ZNIDA3L 8N | C67: BDL | D67: 2 | E67: STR | F67: K3A | G67: TUNNEL RADIUS ROD BOND | H67: VNB | I67: 20 | J67: 15 | K67: 01266_19_00845 | L67: http://docinfogroupe.inetpsa.com/ead/doc/ref.01266_19_00845/v.vc/fiche | M67: Update format to do | O67: Apoqua reference | P67: Fitted part
A68: 9674550680 | B68: SCREW % H RC22 M8X125 L30 AC10 ZLVMGL FP | C68: BDL | D68: 1 | E68: STR | F68: K3A | G68: TUNNEL RADIUS ROD BOND | H68: VNB | I68: 20 | J68: 15 | K68: 01266_19_00845 | L68: http://docinfogroupe.inetpsa.com/ead/doc/ref.01266_19_00845/v.vc/fiche | M68: Update format to do | O68: Apoqua reference | P68: Fitted part
A69: 9674550680 | B69: SCREW % H RC22 M8X125 L30 AC10 ZLVMGL FP | C69: BDL | D69: 2 | E69: STR | F69: K3A | G69: TUNNEL RADIUS ROD BOND | H69: VNB | I69: 20 | J69: 15 | K69: 01266_19_00845 | L69: http://docinfogroupe.inetpsa.com/ead/doc/ref.01266_19_00845/v.vc/fiche | M69: Update format to do | O69: Apoqua reference | P69: Fitted part
A70: 7903011386 | B70: SCREW K CL SOUD ANN M8X125 L20 AC8 CY | C70: FER | D70: 2 | E70: STR | F70: K3A | G70: TUNNEL RADIUS ROD BOND | K70: 01266_19_00845 | L70: http://docinfogroupe.inetpsa.com/ead/doc/ref.01266_19_00845/v.vc/fiche | M70: Update format to do | O70: Apoqua reference | P70: Receiving part
A71: 7903042052 | B71: NUT K H SOUD M8X125 AC8 | C71: FER | D71: 1 | E71: STR | F71: K3A | G71: TUNNEL RADIUS ROD BOND | K71: 01266_19_00845 | L71: http://docinfogroupe.inetpsa.com/ead/doc/ref.01266_19_00845/v.vc/fiche | M71: Update format to do | O71: Apoqua reference | P71: Receiving part
A72: 7903042052 | B72: NUT K H SOUD M8X125 AC8 | C72: FER | D72: 2 | E72: STR | F72: K3A | G72: TUNNEL RADIUS ROD BOND | K72: 01266_19_00845 | L72: http://docinfogroupe.inetpsa.com/ead/doc/ref.01266_19_00845/v.vc/fiche | M72: Update format to do | O72: Apoqua reference | P72: Receiving part
A73: 7903233042 | B73: NUT KP H EMB M6X100 AC8 ZNIA3L | C73: BDL | D73: 1 | E73: AMO | F73: V5D | G73: COMPRESSION REFRIGERATION PIPE ON CONDENSOR | H73: VNB | I73: 10 | J73: 15 | K73: DITV_ATAT07_0276 | L73: http://docinfogroupe.inetpsa.com/ead/doc/ref.DITV_ATAT07_0276/v.vc/fiche | M73: Update format to do | N73: CX-00076903 | O73: Apoqua reference | P73: Fitted part
A74: 7903233043 | B74: NUT KP H EMB M8X125 AC8 ZNIA3L | C74: BDL | D74: 1 | E74: AMO | F74: V5D | G74: COMPRESSION REFRIGERATION PIPE ON CONDENSOR | H74: VNB | I74: 20 | J74: 15 | K74: DITV_ATAT07_0276 | L74: http://docinfogroupe.inetpsa.com/ead/doc/ref.DITV_ATAT07_0276/v.vc/fiche | M74: Update format to do | N74: CX-00076903 | O74: Apoqua reference | P74: Fitted part
A75: 9859653380 | B75: NUT H RP35 M8X125 AC10 ZNIDA3L | C75: BDL | D75: 1 | E75: EXT | F75: K7C | G75: FIXED AND MOBILE TAILGATE LEAF | H75: VNB | I75: 30 | J75: 15 | K75: DITV_ATAT07_0184 | L75: http://docinfogroupe.inetpsa.com/ead/doc/ref.DITV_ATAT07_0184/v.vc/fiche | M75: Applicable | N75: CX-00034395 | O75: Apoqua reference | P75: Fitted part
A76: 9802186380 | B76: APOQUA designation (Français) | C76: BDL | D76: 2 | E76: EXT | F76: K7C | G76: FIXED AND MOBILE TAILGATE LEAF | H76: VNB | I76: 20 | J76: 15 | K76: DITV_ATAT07_0184 | L76: http://docinfogroupe.inetpsa.com/ead/doc/ref.DITV_ATAT07_0184/v.vc/fiche | M76: Applicable | N76: CX-00023670 | O76: Apoqua reference | P76: Fitted part
A77: 9625143780 | B77: NUT CSC SERT M8X125 AC8 E0,8 E3,5 | C77: FER | D77: 2 | E77: EXT | F77: K7C | G77: FIXED AND MOBILE TAILGATE LEAF | K77: DITV_ATAT07_0184 | L77: http://docinfogroupe.inetpsa.com/ead/doc/ref.DITV_ATAT07_0184/v.vc/fiche | M77: Applicable | N77: CX-00023670 | O77: Apoqua reference | P77: Receiving part
A78: 9671588080 | B78: NUT H RPL NETT M6X100 AC8 ZNIA3L | C78: BDL | D78: 3 | E78: AEE | F78: Z5U | G78: FRONT-POWERTRAIN ZONAL CONTROL UNIT | H78: VNB | I78: 8 | J78: 15 | K78: 01266_23_00333 | L78: http://docinfogroupe.inetpsa.com/ead/doc/ref.01266_23_00333/v.vc/fiche | M78: Applicable | O78: Apoqua reference | P78: Fitted part
A79: 9850480880 | B79: SCREW % H EMB M12X175 L62 AC10 ZLVFGL FP | C79: BDL | D79: 3 to 4 | E79: ATR | F79: D31 | G79: SUPPORT RR ELECTRIC POWERTRAIN RR | H79: VSC | I79: 100 | J79: 10 | K79: 01266_23_00324 | L79: http://docinfogroupe.inetpsa.com/ead/doc/ref.01266_23_00324/v.vc/fiche | M79: Update format to do | N79: CX-00069104 | O79: Apoqua reference | P79: Fitted part
A80: 06513986AA | C80: BDL | D80: 2 | E80: ATR | F80: D31 | G80: SUPPORT RR ELECTRIC POWERTRAIN RR | H80: VSC | I80: 170 | J80: 10 | K80: 01266_23_00324 | L80: http://docinfogroupe.inetpsa.com/ead/doc/ref.01266_23_00324/v.vc/fiche | M80: Update format to do | O80: Apoqua reference | P80: Fitted part
A81: 9824674580 | B81: SCREW RLX M6X100 L20 AC8 ZNIN3L FP | C81: BDL | D81: 3 | E81: EXT | F81: R5M | G81: RR UPR AIR BAFFLE | H81: VNB | I81: 4 | J81: 15 | K81: 01266_23_00322 | L81: http://docinfogroupe.inetpsa.com/ead/doc/ref.01266_23_00322/v.vc/fiche | M81: Applicable | O81: Apoqua reference | P81: Fitted part
A82: 9822750180 | B82: SCREW H EMB M6X100 L16 AC8 ZLVFGL FP | C82: BDL | D82: 4 | E82: #N/A | F82: A53 | G82: SUPPORT ELECTRONIC BOX CONTROLLER FCPS | H82: VNB | I82: 8 | J82: 15 | K82: 01266_23_00368 | L82: http://docinfogroupe.inetpsa.com/ead/doc/ref.01266_23_00368/v.vc/fiche | M82: Update format to do | O82: Apoqua reference | P82: Fitted part
A83: 9671588080 | B83: NUT H RPL NETT M6X100 AC8 ZNIA3L | C83: BDL | D83: 4 | E83: EEM | F83: Z1A | G83: SUPPORT CELL MANAGEMENT CONTROLER BAT | H83: VSB | I83: 8 | J83: 0.15 | K83: 01266_23_00395 | L83: http://docinfogroupe.inetpsa.com/ead/doc/ref.01266_23_00395/v.vc/fiche | M83: Approved | N83: CX-00070038 | O83: Apoqua reference | P83: Fitted part
A84: 9683696980 | B84: SCREW K XE EMB RCN M12X175 L65 AC10 ZLVFGL | C84: BDL | D84: 2 | E84: LAS | F84: E15 | G84: REAR ANTI-ROLL ROD | H84: VSC | I84: 75 | J84: 15 | K84: DITV_ATAT07_0274 | L84: http://docinfogroupe.inetpsa.com/ead/doc/ref.DITV_ATAT07_0274/v.vc/fiche | M84: Update format to do | N84: CX-00069643 | O84: Apoqua reference | P84: Fitted part
A85: 9662022580 | B85: VIS AXE EPAUL 13 L6 M10X150 L20 ZLVMGL | C85: BDL | D85: 1 | E85: ASS | F85: U2A | G85: REAR SEATBELT – SEATBELT ANCHOAGE | H85: VSB | I85: 40 | J85: 15 | K85: CMON_IMV08_0411 | L85: http://docinfogroupe.inetpsa.com/ead/doc/ref.CMON_IMV08_0411/v.vc/fiche | M85: Applicable | N85: CX-00060788 | O85: Apoqua reference | P85: Fitted part
A86: 7903233044 | B86: NUT KP H EMB M10X150 AC8 ZNIA3L | C86: BDL | D86: 1 | E86: ASS | F86: U2A | G86: REAR SEATBELT – SEATBELT ANCHOAGE | H86: VSB | I86: 40 | J86: 15 | K86: CMON_IMV08_0411 | L86: http://docinfogroupe.inetpsa.com/ead/doc/ref.CMON_IMV08_0411/v.vc/fiche | M86: Applicable | N86: CX-00018798 | O86: Apoqua reference | P86: Fitted part
A87: 9638863880 | B87: NUT C SOUD M10X150 AC C10 NRVT | C87: FER | D87: 1 | E87: ASS | F87: U2A | G87: REAR SEATBELT – SEATBELT ANCHOAGE | H87: VSB | I87: 40 | J87: 15 | K87: CMON_IMV08_0411 | L87: http://docinfogroupe.inetpsa.com/ead/doc/ref.CMON_IMV08_0411/v.vc/fiche | M87: Applicable | N87: CX-00060788 | O87: Apoqua reference | P87: Receiving part
A88: 9842789580 | B88: SCREW % CL SOUD BOS M10X150 L30 AC8 FP | C88: FER | D88: 1 | E88: ASS | F88: U2A | G88: REAR SEATBELT – SEATBELT ANCHOAGE | H88: VSB | I88: 40 | J88: 15 | K88: CMON_IMV08_0411 | L88: http://docinfogroupe.inetpsa.com/ead/doc/ref.CMON_IMV08_0411/v.vc/fiche | M88: Applicable | N88: CX-00018798 | O88: Apoqua reference | P88: Receiving part
A89: 9644634980 | B89: SCREW HR EMB M12X175 L32 AC10 ZLVMGL CO | C89: BDL | D89: 1 | E89: ASS | F89: U2A | G89: REAR SAFETY BELT BUCKLE END | H89: VSB | I89: 40 | J89: 15 | K89: CMON_MEM08_0266 | L89: http://docinfogroupe.inetpsa.com/ead/doc/ref.CMON_MEM08_0266/v.vc/fiche | M89: Cancelled | N89: CX-00020535 | O89: Apoqua reference | P89: Fitted part
A90: 9810968780 | B90: NUT C SOUD M12X175 AC C12 NRVT | C90: FER | D90: 1 | E90: ASS | F90: U2A | G90: REAR SAFETY BELT BUCKLE END | H90: VSB | I90: 40 | J90: 15 | K90: CMON_MEM08_0266 | L90: http://docinfogroupe.inetpsa.com/ead/doc/ref.CMON_MEM08_0266/v.vc/fiche | M90: Cancelled | N90: CX-00020535 | O90: Apoqua reference | P90: Receiving part
A91: 9802774480 | B91: SCREW H RC18 M6X100 L25 AC8 ZLVMGL FP | C91: BDL | D91: 2 | E91: PDC | F91: V2A | G91: AIR CONDITIONING GROUP | H91: VNB | I91: 4 | J91: 15 | K91: DITV_ATAT07_0054 | L91: http://docinfogroupe.inetpsa.com/ead/doc/ref.DITV_ATAT07_0054/v.vc/fiche | M91: Update format to do | N91: CX-00026631 | O91: Apoqua reference | P91: Fitted part
A92: 9802774480 | B92: SCREW H RC18 M6X100 L25 AC8 ZLVMGL FP | C92: BDL | D92: 2 | E92: PDC | F92: V2A | G92: AIR CONDITIONING GROUP | H92: VNB | I92: 4 | J92: 15 | K92: DITV_ATAT07_0054 | L92: http://docinfogroupe.inetpsa.com/ead/doc/ref.DITV_ATAT07_0054/v.vc/fiche | M92: Update format to do | N92: CX-00051780 | O92: Apoqua reference | P92: Fitted part
A93: 9802774480 | B93: SCREW H RC18 M6X100 L25 AC8 ZLVMGL FP | C93: BDL | D93: 4 | E93: PDC | F93: V2A | G93: AIR CONDITIONING GROUP | H93: VNB | I93: 4 | J93: 15 | K93: DITV_ATAT07_0054 | L93: http://docinfogroupe.inetpsa.com/ead/doc/ref.DITV_ATAT07_0054/v.vc/fiche | M93: Update format to do | N93: CX-00015422 | O93: Apoqua reference | P93: Fitted part
A94: 7903301290 | B94: SCREW H RCL M6X100 L25 AC8 DACA NOIR CY | C94: BDL | D94: 4 | E94: PDC | F94: V2A | G94: AIR CONDITIONING GROUP | H94: VNB | I94: 4 | J94: 15 | K94: DITV_ATAT07_0054 | L94: http://docinfogroupe.inetpsa.com/ead/doc/ref.DITV_ATAT07_0054/v.vc/fiche | M94: Update format to do | N94: CX-00051329 | O94: Apoqua reference | P94: Fitted part
... A109: 9801024980 | B109: SCREW RLX MTEND 4,5 L20 AC ZNIDN3L | C109: BDL | D109: 2 | E109: EXT | F109: R1A | G109: FRT ARMATURE BUMPER | H109: VNT | I109: 2 | J109: 15 | K109: 01266_23_00396 | L109: http://docinfogroupe.inetpsa.com/ead/doc/ref.01266_23_00396/v.vc/fiche | M109: Current Update | N109: CX-00060347 | O109: Apoqua reference | P109: Fitted part
A110: 7903602087 | B110: SCREW H EMB M8X125 L60 AC10 Z5DFJR CC | C110: BDL | D110: 8 | F110: A51 | G110: FUEL CELL STACK ASM | H110: VNB | I110: 20 | J110: 15 | K110: 01266_23_00375 | L110: http://docinfogroupe.inetpsa.com/ead/doc/ref.01266_23_00375/v.vc/fiche | M110: Current Update | O110: Apoqua reference | P110: Fitted part
A111: 9802244280 | B111: SCREW % H EMB M6X100 L25 AC8 ZNIDA3L FP | C111: BDL | D111: 2 | E111: AMO | F111: A26 | G111: WATER COOLER AIR TURBOCHARGER | H111: VNB | I111: 8 | J111: 15 | K111: 01266_23_00374 | L111: http://docinfogroupe.inetpsa.com/ead/doc/ref.01266_23_00374/v.vc/fiche | M111: Current Update | O111: Apoqua reference | P111: Fitted part
A112: 9621238480 | B112: NUT H EMB FREIN NETT M8X125 AC8 | C112: FER | D112: 4 | F112: A52 | G112: AIR COMPRESSOR FUEL CELL | H112: VSB | I112: 20 | J112: 10 | K112: 01266_23_00373 | L112: http://docinfogroupe.inetpsa.com/ead/doc/ref.01266_23_00373/v.vc/fiche | M112: Current Update | O112: Apoqua reference | P112: Fitted part
A113: 7903011395 | B113: SCREW K CL SOUD ANN M8X125 L40 AC8 CY | C113: FER | D113: 4 | F113: A52 | G113: AIR COMPRESSOR FUEL CELL | H113: VSB | I113: 20 | J113: 10 | K113: 01266_23_00373 | L113: http://docinfogroupe.inetpsa.com/ead/doc/ref.01266_23_00373/v.vc/fiche | M113: Current Update | O113: Apoqua reference | P113: Receiving part
A114: 9822750180 | B114: SCREW H EMB M6X100 L16 AC8 ZLVFGL FP | C114: BDL | D114: 4 | F114: A52 | G114: AIR HUMIDIFIER FUEL CELL | H114: VNB | I114: 8 | J114: 15 | K114: 01266_23_00372 | L114: http://docinfogroupe.inetpsa.com/ead/doc/ref.01266_23_00372/v.vc/fiche | M114: Current Update | O114: Apoqua reference | P114: Fitted part
...

Sheet Feuil1
